road_link_id,name,from_node_id,to_node_id,facility_type,link_type,dir_flag,length,lanes,free_speed,capacity,agent_type_code,geometry,
1083174016,,1504,1500,,0,1,0.08000,1,10.0,1.0,"","LINESTRING (266.000000 2.000000 ,268.000000 2.000000 )"
1083174016,,1509,1504,,0,1,0.06000,1,10.0,1.0,"","LINESTRING (262.000000 1.000000 ,266.000000 2.000000 )"
1083174016,,1505,1508,,0,1,0.06000,1,10.0,1.0,"","LINESTRING (266.000000 1.000000 ,262.000000 2.000000 )"
1083174016,,1505,1509,,0,1,0.04000,1,10.0,1.0,"","LINESTRING (266.000000 1.000000 ,262.000000 1.000000 )"
1083174016,,1514,1508,,0,1,0.04000,1,10.0,1.0,"","LINESTRING (261.000000 2.000000 ,262.000000 2.000000 )"
1083174016,,1508,1504,,0,1,0.04000,1,10.0,1.0,"","LINESTRING (262.000000 2.000000 ,266.000000 2.000000 )"
1083174016,,1523,1514,,0,1,0.04000,1,10.0,1.0,"","LINESTRING (258.000000 2.000000 ,261.000000 2.000000 )"
1083174016,,1529,1523,,0,1,0.04000,1,10.0,1.0,"","LINESTRING (255.000000 2.000000 ,258.000000 2.000000 )"
1083174016,,1528,1523,,0,1,0.05000,1,10.0,1.0,"","LINESTRING (255.000000 3.000000 ,258.000000 2.000000 )"
1083174016,,1518,1514,,0,1,0.04000,1,10.0,1.0,"","LINESTRING (259.000000 3.000000 ,261.000000 2.000000 )"
1083174016,,1522,1518,,0,1,0.02000,1,10.0,1.0,"","LINESTRING (257.000000 4.000000 ,259.000000 3.000000 )"
1083174016,,1527,1522,,0,1,0.04000,1,10.0,1.0,"","LINESTRING (255.000000 4.000000 ,257.000000 4.000000 )"
1083174016,,1526,1522,,0,1,0.05000,1,10.0,1.0,"","LINESTRING (255.000000 5.000000 ,257.000000 4.000000 )"
1083174016,,1521,1518,,0,1,0.08000,1,10.0,1.0,"","LINESTRING (256.000000 6.000000 ,259.000000 3.000000 )"
1083174016,,1525,1521,,0,1,0.04000,1,10.0,1.0,"","LINESTRING (255.000000 6.000000 ,256.000000 6.000000 )"
1083174016,,1524,1521,,0,1,0.05000,1,10.0,1.0,"","LINESTRING (255.000000 7.000000 ,256.000000 6.000000 )"
1083174016,,1535,1524,,13,1,0.45000,1,10.0,1.0,"","LINESTRING (253.000000 7.000000 ,255.000000 7.000000 )"
1083174016,,1534,1525,,13,1,0.45000,1,10.0,1.0,"","LINESTRING (253.000000 6.000000 ,255.000000 6.000000 )"
1083174016,,1533,1526,,13,1,0.45000,1,10.0,1.0,"","LINESTRING (253.000000 5.000000 ,255.000000 5.000000 )"
1083174016,,1532,1527,,13,1,0.45000,1,10.0,1.0,"","LINESTRING (253.000000 4.000000 ,255.000000 4.000000 )"
1083174016,,1531,1528,,13,1,0.45000,1,10.0,1.0,"","LINESTRING (253.000000 3.000000 ,255.000000 3.000000 )"
1083174016,,1530,1529,,0,1,0.45000,1,10.0,1.0,"","LINESTRING (253.000000 2.000000 ,255.000000 2.000000 )"
1083174016,,1564,1556,,0,1,0.08000,1,10.0,1.0,"","LINESTRING (240.000000 2.000000 ,242.000000 2.000000 )"
1083174016,,1556,1552,,0,1,0.04000,1,10.0,1.0,"","LINESTRING (242.000000 2.000000 ,246.000000 2.000000 )"
1083174016,,1556,1553,,0,1,0.06000,1,10.0,1.0,"","LINESTRING (242.000000 2.000000 ,246.000000 1.000000 )"
1083174016,,1552,1557,,0,1,0.06000,1,10.0,1.0,"","LINESTRING (246.000000 2.000000 ,242.000000 1.000000 )"
1083174016,,1553,1557,,0,1,0.04000,1,10.0,1.0,"","LINESTRING (246.000000 1.000000 ,242.000000 1.000000 )"
1083174016,,1552,1543,,0,1,0.04000,1,10.0,1.0,"","LINESTRING (246.000000 2.000000 ,248.000000 2.000000 )"
1083174016,,1543,1540,,0,1,0.06000,1,10.0,1.0,"","LINESTRING (248.000000 2.000000 ,250.000000 3.000000 )"
1083174016,,1543,15312,,0,1,0.04000,1,10.0,1.0,"","LINESTRING (248.000000 2.000000 ,252.000000 2.000000 )"
1083174016,,15312,1530,,0,1,0.04000,1,10.0,1.0,"","LINESTRING (252.000000 2.000000 ,253.000000 2.000000 )"
1083174016,,15312,1531,,0,1,0.05000,1,10.0,1.0,"","LINESTRING (252.000000 2.000000 ,253.000000 3.000000 )"
1083174016,,1540,1538,,0,1,0.04000,1,10.0,1.0,"","LINESTRING (250.000000 3.000000 ,252.000000 4.000000 )"
1083174016,,1538,1532,,0,1,0.04000,1,10.0,1.0,"","LINESTRING (252.000000 4.000000 ,253.000000 4.000000 )"
1083174016,,1538,1533,,0,1,0.05000,1,10.0,1.0,"","LINESTRING (252.000000 4.000000 ,253.000000 5.000000 )"
1083174016,,1540,1536,,0,1,0.09000,1,10.0,1.0,"","LINESTRING (250.000000 3.000000 ,252.000000 6.000000 )"
1083174016,,1536,1534,,0,1,0.04000,1,10.0,1.0,"","LINESTRING (252.000000 6.000000 ,253.000000 6.000000 )"
1083174016,,1536,1535,,0,1,0.05000,1,10.0,1.0,"","LINESTRING (252.000000 6.000000 ,253.000000 7.000000 )"
1083174016,,1564,1500,,12,1,1000.00000,1,10.0,1.0,"","LINESTRING (240.000000 2.000000 ,268.000000 2.000000 )"
1083174016,,1501,1505,,0,1,0.08000,1,10.0,1.0,"","LINESTRING (268.000000 1.000000 ,266.000000 1.000000 )"
1083174016,,1509,1544,,0,1,0.08000,1,10.0,1.0,"","LINESTRING (262.000000 1.000000 ,258.000000 1.000000 )"
1083174016,,1544,1545,,0,1,0.04000,1,10.0,1.0,"","LINESTRING (258.000000 1.000000 ,255.000000 1.000000 )"
1083174016,,1544,1546,,0,1,0.05000,1,10.0,1.0,"","LINESTRING (258.000000 1.000000 ,255.000000 0.000000 )"
1083174016,,1545,1548,,0,1,0.45000,1,10.0,1.0,"","LINESTRING (255.000000 1.000000 ,253.000000 1.000000 )"
1083174016,,1546,1547,,13,1,0.45000,1,10.0,1.0,"","LINESTRING (255.000000 0.000000 ,253.000000 0.000000 )"
1083174016,,1548,1549,,0,1,0.04000,1,10.0,1.0,"","LINESTRING (253.000000 1.000000 ,252.000000 1.000000 )"
1083174016,,1547,1549,,0,1,0.05000,1,10.0,1.0,"","LINESTRING (253.000000 0.000000 ,252.000000 1.000000 )"
1083174016,,1549,1553,,0,1,0.08000,1,10.0,1.0,"","LINESTRING (252.000000 1.000000 ,246.000000 1.000000 )"
1083174016,,1557,1565,,0,1,0.08000,1,10.0,1.0,"","LINESTRING (242.000000 1.000000 ,240.000000 1.000000 )"
1083174016,,1501,1565,,12,1,1000.00000,1,10.0,1.0,"","LINESTRING (268.000000 1.000000 ,240.000000 1.000000 )"
1083174016,,1508,1514,,0,1,0.04000,1,10.0,1.0,"","LINESTRING (262.000000 2.000000 ,261.000000 2.000000 )"
1083174016,,1514,1523,,0,1,0.04000,1,10.0,1.0,"","LINESTRING (261.000000 2.000000 ,258.000000 2.000000 )"
1083174016,,1523,1529,,0,1,0.04000,1,10.0,1.0,"","LINESTRING (258.000000 2.000000 ,255.000000 2.000000 )"
1083174016,,1523,1528,,0,1,0.05000,1,10.0,1.0,"","LINESTRING (258.000000 2.000000 ,255.000000 3.000000 )"
1083174016,,1514,1518,,0,1,0.04000,1,10.0,1.0,"","LINESTRING (261.000000 2.000000 ,259.000000 3.000000 )"
1083174016,,1518,1522,,0,1,0.04000,1,10.0,1.0,"","LINESTRING (259.000000 3.000000 ,257.000000 4.000000 )"
1083174016,,1522,1527,,0,1,0.04000,1,10.0,1.0,"","LINESTRING (257.000000 4.000000 ,255.000000 4.000000 )"
1083174016,,1522,1526,,0,1,0.05000,1,10.0,1.0,"","LINESTRING (257.000000 4.000000 ,255.000000 5.000000 )"
1083174016,,1518,1521,,0,1,0.08000,1,10.0,1.0,"","LINESTRING (259.000000 3.000000 ,256.000000 6.000000 )"
1083174016,,1521,1525,,0,1,0.04000,1,10.0,1.0,"","LINESTRING (256.000000 6.000000 ,255.000000 6.000000 )"
1083174016,,1521,1524,,0,1,0.05000,1,10.0,1.0,"","LINESTRING (256.000000 6.000000 ,255.000000 7.000000 )"
1083174016,,1524,1535,,13,1,0.45000,1,10.0,1.0,"","LINESTRING (255.000000 7.000000 ,253.000000 7.000000 )"
1083174016,,1525,1534,,13,1,0.45000,1,10.0,1.0,"","LINESTRING (255.000000 6.000000 ,253.000000 6.000000 )"
1083174016,,1526,1533,,13,1,0.45000,1,10.0,1.0,"","LINESTRING (255.000000 5.000000 ,253.000000 5.000000 )"
1083174016,,1527,1532,,13,1,0.45000,1,10.0,1.0,"","LINESTRING (255.000000 4.000000 ,253.000000 4.000000 )"
1083174016,,1528,1531,,13,1,0.45000,1,10.0,1.0,"","LINESTRING (255.000000 3.000000 ,253.000000 3.000000 )"
1083174016,,1529,1530,,0,1,0.45000,1,10.0,1.0,"","LINESTRING (255.000000 2.000000 ,253.000000 2.000000 )"
1083174016,,1543,1552,,0,1,0.04000,1,10.0,1.0,"","LINESTRING (248.000000 2.000000 ,246.000000 2.000000 )"
1083174016,,1540,1543,,0,1,0.06000,1,10.0,1.0,"","LINESTRING (250.000000 3.000000 ,248.000000 2.000000 )"
1083174016,,15312,1543,,0,1,0.04000,1,10.0,1.0,"","LINESTRING (252.000000 2.000000 ,248.000000 2.000000 )"
1083174016,,1530,15312,,0,1,0.04000,1,10.0,1.0,"","LINESTRING (253.000000 2.000000 ,252.000000 2.000000 )"
1083174016,,1531,15312,,0,1,0.05000,1,10.0,1.0,"","LINESTRING (253.000000 3.000000 ,252.000000 2.000000 )"
1083174016,,1538,1540,,0,1,0.04000,1,10.0,1.0,"","LINESTRING (252.000000 4.000000 ,250.000000 3.000000 )"
1083174016,,1532,1538,,0,1,0.04000,1,10.0,1.0,"","LINESTRING (253.000000 4.000000 ,252.000000 4.000000 )"
1083174016,,1533,1538,,0,1,0.05000,1,10.0,1.0,"","LINESTRING (253.000000 5.000000 ,252.000000 4.000000 )"
1083174016,,1536,1540,,0,1,0.09000,1,10.0,1.0,"","LINESTRING (252.000000 6.000000 ,250.000000 3.000000 )"
1083174016,,1534,1536,,0,1,0.04000,1,10.0,1.0,"","LINESTRING (253.000000 6.000000 ,252.000000 6.000000 )"
1083174016,,1535,1536,,0,1,0.05000,1,10.0,1.0,"","LINESTRING (253.000000 7.000000 ,252.000000 6.000000 )"
1083174016,,1580,1576,,0,1,0.08000,1,10.0,1.0,"","LINESTRING (226.000000 4.000000 ,228.000000 4.000000 )"
1083174016,,1584,1580,,0,1,0.04000,1,10.0,1.0,"","LINESTRING (223.000000 4.000000 ,226.000000 4.000000 )"
1083174016,,1581,1584,,0,1,0.06000,1,10.0,1.0,"","LINESTRING (226.000000 3.000000 ,223.000000 4.000000 )"
1083174016,,1585,1580,,0,1,0.06000,1,10.0,1.0,"","LINESTRING (223.000000 3.000000 ,226.000000 4.000000 )"
1083174016,,1581,1585,,0,1,0.04000,1,10.0,1.0,"","LINESTRING (226.000000 3.000000 ,223.000000 3.000000 )"
1083174016,,1593,1584,,0,1,0.08000,1,10.0,1.0,"","LINESTRING (215.000000 4.000000 ,223.000000 4.000000 )"
1083174016,,1594,1593,,0,1,0.04000,1,10.0,1.0,"","LINESTRING (214.000000 4.000000 ,215.000000 4.000000 )"
1083174016,,1595,1593,,0,1,0.04000,1,10.0,1.0,"","LINESTRING (214.000000 5.000000 ,215.000000 4.000000 )"
1083174016,,1597,1595,,13,1,0.45000,1,10.0,1.0,"","LINESTRING (212.000000 5.000000 ,214.000000 5.000000 )"
1083174016,,1596,1594,,0,1,0.45000,1,10.0,1.0,"","LINESTRING (212.000000 4.000000 ,214.000000 4.000000 )"
1083174016,,1598,1597,,0,1,0.05000,1,10.0,1.0,"","LINESTRING (211.000000 4.000000 ,212.000000 5.000000 )"
1083174016,,1598,1596,,0,1,0.04000,1,10.0,1.0,"","LINESTRING (211.000000 4.000000 ,212.000000 4.000000 )"
1083174016,,1618,1598,,0,1,0.08000,1,10.0,1.0,"","LINESTRING (205.000000 4.000000 ,211.000000 4.000000 )"
1083174016,,1622,1618,,0,1,0.04000,1,10.0,1.0,"","LINESTRING (201.000000 4.000000 ,205.000000 4.000000 )"
1083174016,,1622,1619,,0,1,0.06000,1,10.0,1.0,"","LINESTRING (201.000000 4.000000 ,205.000000 3.000000 )"
1083174016,,1618,1623,,0,1,0.06000,1,10.0,1.0,"","LINESTRING (205.000000 4.000000 ,201.000000 3.000000 )"
1083174016,,1619,1623,,0,1,0.04000,1,10.0,1.0,"","LINESTRING (205.000000 3.000000 ,201.000000 3.000000 )"
1083174016,,1630,1622,,0,1,0.08000,1,10.0,1.0,"","LINESTRING (200.000000 4.000000 ,201.000000 4.000000 )"
1083174016,,1630,1576,,12,1,1000.00000,1,10.0,1.0,"","LINESTRING (200.000000 4.000000 ,228.000000 4.000000 )"
1083174016,,1577,1581,,0,1,0.08000,1,10.0,1.0,"","LINESTRING (228.000000 3.000000 ,226.000000 3.000000 )"
1083174016,,1585,1592,,0,1,0.04000,1,10.0,1.0,"","LINESTRING (223.000000 3.000000 ,220.000000 3.000000 )"
1083174016,,1592,1604,,0,1,0.04000,1,10.0,1.0,"","LINESTRING (220.000000 3.000000 ,214.000000 3.000000 )"
1083174016,,1592,1601,,0,1,0.04000,1,10.0,1.0,"","LINESTRING (220.000000 3.000000 ,218.000000 2.000000 )"
1083174016,,1601,1605,,0,1,0.04000,1,10.0,1.0,"","LINESTRING (218.000000 2.000000 ,214.000000 2.000000 )"
1083174016,,1601,1603,,0,1,0.04000,1,10.0,1.0,"","LINESTRING (218.000000 2.000000 ,215.000000 1.000000 )"
1083174016,,1603,1606,,0,1,0.04000,1,10.0,1.0,"","LINESTRING (215.000000 1.000000 ,214.000000 1.000000 )"
1083174016,,1603,1607,,0,1,0.05000,1,10.0,1.0,"","LINESTRING (215.000000 1.000000 ,214.000000 0.000000 )"
1083174016,,1604,1608,,0,1,0.45000,1,10.0,1.0,"","LINESTRING (214.000000 3.000000 ,212.000000 3.000000 )"
1083174016,,1605,1609,,13,1,0.45000,1,10.0,1.0,"","LINESTRING (214.000000 2.000000 ,212.000000 2.000000 )"
1083174016,,1606,1610,,13,1,0.45000,1,10.0,1.0,"","LINESTRING (214.000000 1.000000 ,212.000000 1.000000 )"
1083174016,,1607,1611,,13,1,0.45000,1,10.0,1.0,"","LINESTRING (214.000000 0.000000 ,212.000000 0.000000 )"
1083174016,,1608,1612,,0,1,0.04000,1,10.0,1.0,"","LINESTRING (212.000000 3.000000 ,207.000000 3.000000 )"
1083174016,,1609,1614,,0,1,0.04000,1,10.0,1.0,"","LINESTRING (212.000000 2.000000 ,209.000000 2.000000 )"
1083174016,,1614,1612,,0,1,0.04000,1,10.0,1.0,"","LINESTRING (209.000000 2.000000 ,207.000000 3.000000 )"
1083174016,,1610,1616,,0,1,0.04000,1,10.0,1.0,"","LINESTRING (212.000000 1.000000 ,211.000000 1.000000 )"
1083174016,,1616,1614,,0,1,0.04000,1,10.0,1.0,"","LINESTRING (211.000000 1.000000 ,209.000000 2.000000 )"
1083174016,,1611,1616,,0,1,0.05000,1,10.0,1.0,"","LINESTRING (212.000000 0.000000 ,211.000000 1.000000 )"
1083174016,,1612,1619,,0,1,0.04000,1,10.0,1.0,"","LINESTRING (207.000000 3.000000 ,205.000000 3.000000 )"
1083174016,,1623,1631,,0,1,0.08000,1,10.0,1.0,"","LINESTRING (201.000000 3.000000 ,200.000000 3.000000 )"
1083174016,,1577,1631,,12,1,1000.00000,1,1000.0,1.0,"","LINESTRING (228.000000 3.000000 ,200.000000 3.000000 )"
1083174016,,1592,1585,,0,1,0.04000,1,10.0,1.0,"","LINESTRING (220.000000 3.000000 ,223.000000 3.000000 )"
1083174016,,1604,1592,,0,1,0.04000,1,10.0,1.0,"","LINESTRING (214.000000 3.000000 ,220.000000 3.000000 )"
1083174016,,1601,1592,,0,1,0.04000,1,10.0,1.0,"","LINESTRING (218.000000 2.000000 ,220.000000 3.000000 )"
1083174016,,1605,1601,,0,1,0.04000,1,10.0,1.0,"","LINESTRING (214.000000 2.000000 ,218.000000 2.000000 )"
1083174016,,1603,1601,,0,1,0.04000,1,10.0,1.0,"","LINESTRING (215.000000 1.000000 ,218.000000 2.000000 )"
1083174016,,1606,1603,,0,1,0.04000,1,10.0,1.0,"","LINESTRING (214.000000 1.000000 ,215.000000 1.000000 )"
1083174016,,1607,1603,,0,1,0.05000,1,10.0,1.0,"","LINESTRING (214.000000 0.000000 ,215.000000 1.000000 )"
1083174016,,1608,1604,,0,1,0.45000,1,10.0,1.0,"","LINESTRING (212.000000 3.000000 ,214.000000 3.000000 )"
1083174016,,1609,1605,,13,1,0.45000,1,10.0,1.0,"","LINESTRING (212.000000 2.000000 ,214.000000 2.000000 )"
1083174016,,1610,1606,,13,1,0.45000,1,10.0,1.0,"","LINESTRING (212.000000 1.000000 ,214.000000 1.000000 )"
1083174016,,1611,1607,,13,1,0.45000,1,10.0,1.0,"","LINESTRING (212.000000 0.000000 ,214.000000 0.000000 )"
1083174016,,1612,1608,,0,1,0.04000,1,10.0,1.0,"","LINESTRING (207.000000 3.000000 ,212.000000 3.000000 )"
1083174016,,1614,1609,,0,1,0.04000,1,10.0,1.0,"","LINESTRING (209.000000 2.000000 ,212.000000 2.000000 )"
1083174016,,1612,1614,,0,1,0.04000,1,10.0,1.0,"","LINESTRING (207.000000 3.000000 ,209.000000 2.000000 )"
1083174016,,1616,1610,,0,1,0.04000,1,10.0,1.0,"","LINESTRING (211.000000 1.000000 ,212.000000 1.000000 )"
1083174016,,1614,1616,,0,1,0.04000,1,10.0,1.0,"","LINESTRING (209.000000 2.000000 ,211.000000 1.000000 )"
1083174016,,1616,1611,,0,1,0.05000,1,10.0,1.0,"","LINESTRING (211.000000 1.000000 ,212.000000 0.000000 )"
1083174016,,1619,1612,,0,1,0.02000,1,10.0,1.0,"","LINESTRING (205.000000 3.000000 ,207.000000 3.000000 )"
1083174016,,1644,1640,,0,1,0.08000,1,10.0,1.0,"","LINESTRING (183.000000 5.000000 ,186.000000 5.000000 )"
1083174016,,16602,1644,,0,1,0.08000,1,10.0,1.0,"","LINESTRING (175.000000 5.000000 ,183.000000 5.000000 )"
1083174016,,1646,1644,,0,1,0.04000,1,10.0,1.0,"","LINESTRING (181.000000 4.000000 ,183.000000 5.000000 )"
1083174016,,1661,16602,,0,1,0.05000,1,10.0,1.0,"","LINESTRING (173.000000 6.000000 ,175.000000 5.000000 )"
1083174016,,1662,16602,,0,1,0.04000,1,10.0,1.0,"","LINESTRING (173.000000 5.000000 ,175.000000 5.000000 )"
1083174016,,1663,1661,,13,1,0.45000,1,10.0,1.0,"","LINESTRING (171.000000 6.000000 ,173.000000 6.000000 )"
1083174016,,1664,1662,,0,1,0.45000,1,10.0,1.0,"","LINESTRING (171.000000 5.000000 ,173.000000 5.000000 )"
1083174016,,1676,1663,,0,1,0.05000,1,10.0,1.0,"","LINESTRING (170.000000 5.000000 ,171.000000 6.000000 )"
1083174016,,1676,1664,,0,1,0.04000,1,10.0,1.0,"","LINESTRING (170.000000 5.000000 ,171.000000 5.000000 )"
1083174016,,1682,1676,,0,1,0.08000,1,10.0,1.0,"","LINESTRING (162.000000 5.000000 ,170.000000 5.000000 )"
1083174016,,1682,1680,,0,1,0.04000,1,10.0,1.0,"","LINESTRING (162.000000 5.000000 ,164.000000 4.000000 )"
1083174016,,1685,1682,,0,1,0.08000,1,10.0,1.0,"","LINESTRING (160.000000 5.000000 ,162.000000 5.000000 )"
1083174016,,1685,1640,,12,1,1000.00000,1,10.0,1.0,"","LINESTRING (160.000000 5.000000 ,186.000000 5.000000 )"
1083174016,,1641,1646,,0,1,0.08000,1,10.0,1.0,"","LINESTRING (186.000000 4.000000 ,181.000000 4.000000 )"
1083174016,,1646,1649,,0,1,0.04000,1,10.0,1.0,"","LINESTRING (181.000000 4.000000 ,179.000000 4.000000 )"
1083174016,,1649,1655,,0,1,0.04000,1,10.0,1.0,"","LINESTRING (179.000000 4.000000 ,176.000000 4.000000 )"
1083174016,,1649,1652,,0,1,0.08000,1,10.0,1.0,"","LINESTRING (179.000000 4.000000 ,175.000000 1.000000 )"
1083174016,,1655,1656,,0,1,0.04000,1,10.0,1.0,"","LINESTRING (176.000000 4.000000 ,173.000000 4.000000 )"
1083174016,,1655,1658,,0,1,0.04000,1,10.0,1.0,"","LINESTRING (176.000000 4.000000 ,174.000000 3.000000 )"
1083174016,,1658,1659,,0,1,0.02000,1,10.0,1.0,"","LINESTRING (174.000000 3.000000 ,173.000000 3.000000 )"
1083174016,,1658,1660,,0,1,0.05000,1,10.0,1.0,"","LINESTRING (174.000000 3.000000 ,173.000000 2.000000 )"
1083174016,,1652,1653,,0,1,0.04000,1,10.0,1.0,"","LINESTRING (175.000000 1.000000 ,173.000000 1.000000 )"
1083174016,,1652,1654,,0,1,0.04000,1,10.0,1.0,"","LINESTRING (175.000000 1.000000 ,173.000000 0.000000 )"
1083174016,,1656,1665,,0,1,0.45000,1,10.0,1.0,"","LINESTRING (173.000000 4.000000 ,171.000000 4.000000 )"
1083174016,,1659,1666,,13,1,0.45000,1,10.0,1.0,"","LINESTRING (173.000000 3.000000 ,171.000000 3.000000 )"
1083174016,,1660,1667,,13,1,0.45000,1,10.0,1.0,"","LINESTRING (173.000000 2.000000 ,171.000000 2.000000 )"
1083174016,,1653,1668,,13,1,0.45000,1,10.0,1.0,"","LINESTRING (173.000000 1.000000 ,171.000000 1.000000 )"
1083174016,,1654,1669,,13,1,0.45000,1,10.0,1.0,"","LINESTRING (173.000000 0.000000 ,171.000000 0.000000 )"
1083174016,,1665,1674,,0,1,0.04000,1,10.0,1.0,"","LINESTRING (171.000000 4.000000 ,169.000000 4.000000 )"
1083174016,,1666,1674,,0,1,0.05000,1,10.0,1.0,"","LINESTRING (171.000000 3.000000 ,169.000000 4.000000 )"
1083174016,,1674,1678,,0,1,0.08000,1,10.0,1.0,"","LINESTRING (169.000000 4.000000 ,166.000000 4.000000 )"
1083174016,,1667,1672,,0,1,0.04000,1,10.0,1.0,"","LINESTRING (171.000000 2.000000 ,168.000000 2.000000 )"
1083174016,,1672,1678,,0,1,0.08000,1,10.0,1.0,"","LINESTRING (168.000000 2.000000 ,166.000000 4.000000 )"
1083174016,,1668,1670,,0,1,0.04000,1,10.0,1.0,"","LINESTRING (171.000000 1.000000 ,170.000000 1.000000 )"
1083174016,,1670,1672,,0,1,0.04000,1,10.0,1.0,"","LINESTRING (170.000000 1.000000 ,168.000000 2.000000 )"
1083174016,,1669,1670,,0,1,0.05000,1,10.0,1.0,"","LINESTRING (171.000000 0.000000 ,170.000000 1.000000 )"
1083174016,,1678,1680,,0,1,0.04000,1,10.0,1.0,"","LINESTRING (166.000000 4.000000 ,164.000000 4.000000 )"
1083174016,,1680,1686,,0,1,0.08000,1,10.0,1.0,"","LINESTRING (164.000000 4.000000 ,160.000000 4.000000 )"
1083174016,,1641,1686,,12,1,1000.00000,1,10.0,1.0,"","LINESTRING (186.000000 4.000000 ,160.000000 4.000000 )"
1083174016,,1644,1646,,0,1,0.04000,1,10.0,1.0,"","LINESTRING (183.000000 5.000000 ,181.000000 4.000000 )"
1083174016,,1680,1682,,0,1,0.04000,1,10.0,1.0,"","LINESTRING (164.000000 4.000000 ,162.000000 5.000000 )"
1083174016,,1682,1685,,0,1,0.08000,1,10.0,1.0,"","LINESTRING (162.000000 5.000000 ,160.000000 5.000000 )"
1083174016,,1649,1646,,0,1,0.04000,1,10.0,1.0,"","LINESTRING (179.000000 4.000000 ,181.000000 4.000000 )"
1083174016,,1655,1649,,0,1,0.04000,1,10.0,1.0,"","LINESTRING (176.000000 4.000000 ,179.000000 4.000000 )"
1083174016,,1652,1649,,0,1,0.08000,1,10.0,1.0,"","LINESTRING (175.000000 1.000000 ,179.000000 4.000000 )"
1083174016,,1656,1655,,0,1,0.04000,1,10.0,1.0,"","LINESTRING (173.000000 4.000000 ,176.000000 4.000000 )"
1083174016,,1658,1655,,0,1,0.04000,1,10.0,1.0,"","LINESTRING (174.000000 3.000000 ,176.000000 4.000000 )"
1083174016,,1659,1658,,0,1,0.02000,1,10.0,1.0,"","LINESTRING (173.000000 3.000000 ,174.000000 3.000000 )"
1083174016,,1660,1658,,0,1,0.05000,1,10.0,1.0,"","LINESTRING (173.000000 2.000000 ,174.000000 3.000000 )"
1083174016,,1653,1652,,0,1,0.04000,1,10.0,1.0,"","LINESTRING (173.000000 1.000000 ,175.000000 1.000000 )"
1083174016,,1654,1652,,0,1,0.04000,1,10.0,1.0,"","LINESTRING (173.000000 0.000000 ,175.000000 1.000000 )"
1083174016,,1665,1656,,0,1,0.45000,1,10.0,1.0,"","LINESTRING (171.000000 4.000000 ,173.000000 4.000000 )"
1083174016,,1666,1659,,13,1,0.45000,1,10.0,1.0,"","LINESTRING (171.000000 3.000000 ,173.000000 3.000000 )"
1083174016,,1667,1660,,13,1,0.45000,1,10.0,1.0,"","LINESTRING (171.000000 2.000000 ,173.000000 2.000000 )"
1083174016,,1668,1653,,13,1,0.45000,1,10.0,1.0,"","LINESTRING (171.000000 1.000000 ,173.000000 1.000000 )"
1083174016,,1669,1654,,13,1,0.45000,1,10.0,1.0,"","LINESTRING (171.000000 0.000000 ,173.000000 0.000000 )"
1083174016,,1674,1665,,0,1,0.04000,1,10.0,1.0,"","LINESTRING (169.000000 4.000000 ,171.000000 4.000000 )"
1083174016,,1674,1666,,0,1,0.05000,1,10.0,1.0,"","LINESTRING (169.000000 4.000000 ,171.000000 3.000000 )"
1083174016,,1678,1674,,0,1,0.08000,1,10.0,1.0,"","LINESTRING (166.000000 4.000000 ,169.000000 4.000000 )"
1083174016,,1672,1667,,0,1,0.04000,1,10.0,1.0,"","LINESTRING (168.000000 2.000000 ,171.000000 2.000000 )"
1083174016,,1678,1672,,0,1,0.08000,1,10.0,1.0,"","LINESTRING (166.000000 4.000000 ,168.000000 2.000000 )"
1083174016,,1670,1668,,0,1,0.04000,1,10.0,1.0,"","LINESTRING (170.000000 1.000000 ,171.000000 1.000000 )"
1083174016,,1672,1670,,0,1,0.04000,1,10.0,1.0,"","LINESTRING (168.000000 2.000000 ,170.000000 1.000000 )"
1083174016,,1670,1669,,0,1,0.05000,1,10.0,1.0,"","LINESTRING (170.000000 1.000000 ,171.000000 0.000000 )"
1083174016,,1680,1678,,0,1,0.04000,1,10.0,1.0,"","LINESTRING (164.000000 4.000000 ,166.000000 4.000000 )"
1083174016,,1701,1695,,0,1,0.08000,1,10.0,1.0,"","LINESTRING (140.000000 2.000000 ,144.000000 2.000000 )"
1083174016,,1699,1701,,0,1,0.04000,1,10.0,1.0,"","LINESTRING (142.000000 1.000000 ,140.000000 2.000000 )"
1083174016,,1703,1701,,0,1,0.04000,1,10.0,1.0,"","LINESTRING (138.000000 2.000000 ,140.000000 2.000000 )"
1083174016,,1714,1703,,0,1,0.04000,1,10.0,1.0,"","LINESTRING (135.000000 2.000000 ,138.000000 2.000000 )"
1083174016,,1715,1714,,0,1,0.04000,1,10.0,1.0,"","LINESTRING (133.000000 2.000000 ,135.000000 2.000000 )"
1083174016,,1712,1714,,0,1,0.05000,1,10.0,1.0,"","LINESTRING (133.000000 3.000000 ,135.000000 2.000000 )"
1083174016,,1706,1703,,0,1,0.08000,1,10.0,1.0,"","LINESTRING (136.000000 4.000000 ,138.000000 2.000000 )"
1083174016,,1711,1706,,0,1,0.04000,1,10.0,1.0,"","LINESTRING (133.000000 4.000000 ,136.000000 4.000000 )"
1083174016,,1708,1706,,0,1,0.04000,1,10.0,1.0,"","LINESTRING (134.000000 5.000000 ,136.000000 4.000000 )"
1083174016,,1710,1708,,0,1,0.04000,1,10.0,1.0,"","LINESTRING (133.000000 5.000000 ,134.000000 5.000000 )"
1083174016,,1709,1708,,0,1,0.05000,1,10.0,1.0,"","LINESTRING (133.000000 6.000000 ,134.000000 5.000000 )"
1083174016,,1719,1709,,13,1,0.45000,1,10.0,1.0,"","LINESTRING (131.000000 6.000000 ,133.000000 6.000000 )"
1083174016,,1720,1710,,13,1,0.45000,1,10.0,1.0,"","LINESTRING (131.000000 5.000000 ,133.000000 5.000000 )"
1083174016,,1721,1711,,13,1,0.45000,1,10.0,1.0,"","LINESTRING (131.000000 4.000000 ,133.000000 4.000000 )"
1083174016,,1722,1712,,13,1,0.45000,1,10.0,1.0,"","LINESTRING (131.000000 3.000000 ,133.000000 3.000000 )"
1083174016,,1723,1715,,0,1,0.45000,1,10.0,1.0,"","LINESTRING (131.000000 2.000000 ,133.000000 2.000000 )"
1083174016,,1724,1719,,0,1,0.05000,1,10.0,1.0,"","LINESTRING (129.000000 5.000000 ,131.000000 6.000000 )"
1083174016,,1724,1720,,0,1,0.04000,1,10.0,1.0,"","LINESTRING (129.000000 5.000000 ,131.000000 5.000000 )"
1083174016,,1733,1724,,0,1,0.08000,1,10.0,1.0,"","LINESTRING (126.000000 2.000000 ,129.000000 5.000000 )"
1083174016,,1733,1728,,0,1,0.04000,1,10.0,1.0,"","LINESTRING (126.000000 2.000000 ,128.000000 2.000000 )"
1083174016,,1728,1726,,0,1,0.04000,1,10.0,1.0,"","LINESTRING (128.000000 2.000000 ,130.000000 3.000000 )"
1083174016,,1726,1721,,0,1,0.05000,1,10.0,1.0,"","LINESTRING (130.000000 3.000000 ,131.000000 4.000000 )"
1083174016,,1726,1722,,0,1,0.04000,1,10.0,1.0,"","LINESTRING (130.000000 3.000000 ,131.000000 3.000000 )"
1083174016,,1728,1723,,0,1,0.04000,1,10.0,1.0,"","LINESTRING (128.000000 2.000000 ,131.000000 2.000000 )"
1083174016,,1736,1733,,0,1,0.04000,1,10.0,1.0,"","LINESTRING (124.000000 2.000000 ,126.000000 2.000000 )"
1083174016,,1736,1738,,0,1,0.04000,1,10.0,1.0,"","LINESTRING (124.000000 2.000000 ,122.000000 1.000000 )"
1083174016,,1741,1736,,0,1,0.04000,1,10.0,1.0,"","LINESTRING (120.000000 2.000000 ,124.000000 2.000000 )"
1083174016,,1741,1695,,12,1,1000.00000,1,10.0,1.0,"","LINESTRING (120.000000 2.000000 ,144.000000 2.000000 )"
1083174016,,1696,1699,,0,1,0.08000,1,10.0,1.0,"","LINESTRING (144.000000 1.000000 ,142.000000 1.000000 )"
1083174016,,1699,1716,,0,1,0.08000,1,10.0,1.0,"","LINESTRING (142.000000 1.000000 ,134.000000 1.000000 )"
1083174016,,1716,1717,,0,1,0.04000,1,10.0,1.0,"","LINESTRING (134.000000 1.000000 ,133.000000 1.000000 )"
1083174016,,1716,1718,,0,1,0.05000,1,10.0,1.0,"","LINESTRING (134.000000 1.000000 ,133.000000 0.000000 )"
1083174016,,1717,1730,,0,1,0.45000,1,10.0,1.0,"","LINESTRING (133.000000 1.000000 ,131.000000 1.000000 )"
1083174016,,1718,1731,,13,1,0.45000,1,10.0,1.0,"","LINESTRING (133.000000 0.000000 ,131.000000 0.000000 )"
1083174016,,1730,1732,,0,1,0.04000,1,10.0,1.0,"","LINESTRING (131.000000 1.000000 ,129.000000 1.000000 )"
1083174016,,1731,1732,,0,1,0.05000,1,10.0,1.0,"","LINESTRING (131.000000 0.000000 ,129.000000 1.000000 )"
1083174016,,1732,1738,,0,1,0.08000,1,10.0,1.0,"","LINESTRING (129.000000 1.000000 ,122.000000 1.000000 )"
1083174016,,1738,1742,,0,1,0.08000,1,10.0,1.0,"","LINESTRING (122.000000 1.000000 ,120.000000 1.000000 )"
1083174016,,1696,1742,,12,1,1000.00000,1,10.0,1.0,"","LINESTRING (144.000000 1.000000 ,120.000000 1.000000 )"
1083174016,,1701,1703,,0,1,0.04000,1,10.0,1.0,"","LINESTRING (140.000000 2.000000 ,138.000000 2.000000 )"
1083174016,,1703,1714,,0,1,0.04000,1,10.0,1.0,"","LINESTRING (138.000000 2.000000 ,135.000000 2.000000 )"
1083174016,,1714,1715,,0,1,0.04000,1,10.0,1.0,"","LINESTRING (135.000000 2.000000 ,133.000000 2.000000 )"
1083174016,,1714,1712,,0,1,0.05000,1,10.0,1.0,"","LINESTRING (135.000000 2.000000 ,133.000000 3.000000 )"
1083174016,,1703,1706,,0,1,0.08000,1,10.0,1.0,"","LINESTRING (138.000000 2.000000 ,136.000000 4.000000 )"
1083174016,,1706,1711,,0,1,0.04000,1,10.0,1.0,"","LINESTRING (136.000000 4.000000 ,133.000000 4.000000 )"
1083174016,,1706,1708,,0,1,0.04000,1,10.0,1.0,"","LINESTRING (136.000000 4.000000 ,134.000000 5.000000 )"
1083174016,,1708,1710,,0,1,0.04000,1,10.0,1.0,"","LINESTRING (134.000000 5.000000 ,133.000000 5.000000 )"
1083174016,,1708,1709,,0,1,0.05000,1,10.0,1.0,"","LINESTRING (134.000000 5.000000 ,133.000000 6.000000 )"
1083174016,,1709,1719,,13,1,0.45000,1,10.0,1.0,"","LINESTRING (133.000000 6.000000 ,131.000000 6.000000 )"
1083174016,,1710,1720,,13,1,0.45000,1,10.0,1.0,"","LINESTRING (133.000000 5.000000 ,131.000000 5.000000 )"
1083174016,,1711,1721,,13,1,0.45000,1,10.0,1.0,"","LINESTRING (133.000000 4.000000 ,131.000000 4.000000 )"
1083174016,,1712,1722,,13,1,0.45000,1,10.0,1.0,"","LINESTRING (133.000000 3.000000 ,131.000000 3.000000 )"
1083174016,,1715,1723,,0,1,0.45000,1,10.0,1.0,"","LINESTRING (133.000000 2.000000 ,131.000000 2.000000 )"
1083174016,,1719,1724,,0,1,0.05000,1,10.0,1.0,"","LINESTRING (131.000000 6.000000 ,129.000000 5.000000 )"
1083174016,,1720,1724,,0,1,0.04000,1,10.0,1.0,"","LINESTRING (131.000000 5.000000 ,129.000000 5.000000 )"
1083174016,,1724,1733,,0,1,0.08000,1,10.0,1.0,"","LINESTRING (129.000000 5.000000 ,126.000000 2.000000 )"
1083174016,,1728,1733,,0,1,0.04000,1,10.0,1.0,"","LINESTRING (128.000000 2.000000 ,126.000000 2.000000 )"
1083174016,,1726,1728,,0,1,0.04000,1,10.0,1.0,"","LINESTRING (130.000000 3.000000 ,128.000000 2.000000 )"
1083174016,,1721,1726,,0,1,0.05000,1,10.0,1.0,"","LINESTRING (131.000000 4.000000 ,130.000000 3.000000 )"
1083174016,,1722,1726,,0,1,0.04000,1,10.0,1.0,"","LINESTRING (131.000000 3.000000 ,130.000000 3.000000 )"
1083174016,,1723,1728,,0,1,0.04000,1,10.0,1.0,"","LINESTRING (131.000000 2.000000 ,128.000000 2.000000 )"
1083174016,,1733,1736,,0,1,0.04000,1,10.0,1.0,"","LINESTRING (126.000000 2.000000 ,124.000000 2.000000 )"
1083174016,,1767,1753,,0,1,0.20000,1,60.0,1.0,"","LINESTRING (95.000000 3.000000 ,103.000000 3.000000 )"
1083174016,,1770,1767,,0,1,0.04000,1,60.0,1.0,"","LINESTRING (92.000000 3.000000 ,95.000000 3.000000 )"
1083174016,,1769,1767,,0,1,0.04000,1,60.0,1.0,"","LINESTRING (93.000000 4.000000 ,95.000000 3.000000 )"
1083174016,,1771,1769,,0,1,0.04000,1,60.0,1.0,"","LINESTRING (92.000000 4.000000 ,93.000000 4.000000 )"
1083174016,,1772,1769,,0,1,0.05000,1,60.0,1.0,"","LINESTRING (92.000000 5.000000 ,93.000000 4.000000 )"
1083174016,,1773,1772,,13,1,0.45000,1,60.0,1.0,"","LINESTRING (90.000000 5.000000 ,92.000000 5.000000 )"
1083174016,,1774,1771,,13,1,0.45000,1,60.0,1.0,"","LINESTRING (90.000000 4.000000 ,92.000000 4.000000 )"
1083174016,,1775,1770,,0,1,0.45000,1,60.0,1.0,"","LINESTRING (90.000000 3.000000 ,92.000000 3.000000 )"
1083174016,,1776,1773,,0,1,0.05000,1,60.0,1.0,"","LINESTRING (89.000000 4.000000 ,90.000000 5.000000 )"
1083174016,,1776,1774,,0,1,0.04000,1,60.0,1.0,"","LINESTRING (89.000000 4.000000 ,90.000000 4.000000 )"
1083174016,,1778,1776,,0,1,0.04000,1,60.0,1.0,"","LINESTRING (87.000000 3.000000 ,89.000000 4.000000 )"
1083174016,,1778,1775,,0,1,0.04000,1,60.0,1.0,"","LINESTRING (87.000000 3.000000 ,90.000000 3.000000 )"
1083174016,,1805,1778,,0,1,0.20000,1,60.0,1.0,"","LINESTRING (80.000000 3.000000 ,87.000000 3.000000 )"
1083174016,,1805,1753,,12,1,1000.00000,1,60.0,1.0,"","LINESTRING (80.000000 3.000000 ,103.000000 3.000000 )"
1083174016,,1754,1779,,0,1,0.20000,1,60.0,1.0,"","LINESTRING (103.000000 2.000000 ,95.000000 2.000000 )"
1083174016,,1779,1782,,0,1,0.04000,1,60.0,1.0,"","LINESTRING (95.000000 2.000000 ,92.000000 2.000000 )"
1083174016,,1779,1781,,0,1,0.04000,1,60.0,1.0,"","LINESTRING (95.000000 2.000000 ,93.000000 1.000000 )"
1083174016,,1781,1783,,0,1,0.04000,1,60.0,1.0,"","LINESTRING (93.000000 1.000000 ,92.000000 1.000000 )"
1083174016,,1781,1784,,0,1,0.05000,1,60.0,1.0,"","LINESTRING (93.000000 1.000000 ,92.000000 0.000000 )"
1083174016,,1782,1785,,0,1,0.45000,1,60.0,1.0,"","LINESTRING (92.000000 2.000000 ,90.000000 2.000000 )"
1083174016,,1783,1786,,13,1,0.45000,1,60.0,1.0,"","LINESTRING (92.000000 1.000000 ,90.000000 1.000000 )"
1083174016,,1784,1787,,13,1,0.45000,1,60.0,1.0,"","LINESTRING (92.000000 0.000000 ,90.000000 0.000000 )"
1083174016,,1785,1790,,0,1,0.04000,1,60.0,1.0,"","LINESTRING (90.000000 2.000000 ,87.000000 2.000000 )"
1083174016,,1786,1788,,0,1,0.04000,1,60.0,1.0,"","LINESTRING (90.000000 1.000000 ,89.000000 1.000000 )"
1083174016,,1788,1790,,0,1,0.04000,1,60.0,1.0,"","LINESTRING (89.000000 1.000000 ,87.000000 2.000000 )"
1083174016,,1790,1806,,0,1,0.20000,1,60.0,1.0,"","LINESTRING (87.000000 2.000000 ,80.000000 2.000000 )"
1083174016,,1787,1788,,0,1,0.05000,1,60.0,1.0,"","LINESTRING (90.000000 0.000000 ,89.000000 1.000000 )"
1083174016,,1754,1806,,12,1,1000.00000,1,60.0,1.0,"","LINESTRING (103.000000 2.000000 ,80.000000 2.000000 )"
1083174016,,1826,1817,,0,1,0.16000,1,10.0,1.0,"","LINESTRING (53.000000 2.000000 ,59.000000 2.000000 )"
1083174016,,1829,1826,,0,1,0.04000,1,10.0,1.0,"","LINESTRING (50.000000 2.000000 ,53.000000 2.000000 )"
1083174016,,1828,1826,,0,1,0.04000,1,10.0,1.0,"","LINESTRING (51.000000 3.000000 ,53.000000 2.000000 )"
1083174016,,1830,1828,,0,1,0.04000,1,10.0,1.0,"","LINESTRING (50.000000 3.000000 ,51.000000 3.000000 )"
1083174016,,1831,1828,,0,1,0.05000,1,10.0,1.0,"","LINESTRING (50.000000 4.000000 ,51.000000 3.000000 )"
1083174016,,1839,1831,,13,1,0.45000,1,10.0,1.0,"","LINESTRING (48.000000 4.000000 ,50.000000 4.000000 )"
1083174016,,1838,1830,,13,1,0.45000,1,10.0,1.0,"","LINESTRING (48.000000 3.000000 ,50.000000 3.000000 )"
1083174016,,1837,1829,,0,1,0.45000,1,10.0,1.0,"","LINESTRING (48.000000 2.000000 ,50.000000 2.000000 )"
1083174016,,1840,1839,,0,1,0.05000,1,10.0,1.0,"","LINESTRING (47.000000 3.000000 ,48.000000 4.000000 )"
1083174016,,1840,1838,,0,1,0.04000,1,10.0,1.0,"","LINESTRING (47.000000 3.000000 ,48.000000 3.000000 )"
1083174016,,1842,1840,,0,1,0.04000,1,10.0,1.0,"","LINESTRING (45.000000 2.000000 ,47.000000 3.000000 )"
1083174016,,1842,1837,,0,1,0.04000,1,10.0,1.0,"","LINESTRING (45.000000 2.000000 ,48.000000 2.000000 )"
1083174016,,1851,1842,,0,1,0.16000,1,10.0,1.0,"","LINESTRING (40.000000 2.000000 ,45.000000 2.000000 )"
1083174016,,1851,1817,,12,1,1000.00000,1,10.0,1.0,"","LINESTRING (40.000000 2.000000 ,59.000000 2.000000 )"
1083174016,,1818,1832,,0,1,0.16000,1,10.0,1.0,"","LINESTRING (59.000000 1.000000 ,53.000000 1.000000 )"
1083174016,,1832,1833,,0,1,0.04000,1,10.0,1.0,"","LINESTRING (53.000000 1.000000 ,50.000000 1.000000 )"
1083174016,,1832,1834,,0,1,0.05000,1,10.0,1.0,"","LINESTRING (53.000000 1.000000 ,50.000000 0.000000 )"
1083174016,,1833,1835,,0,1,0.45000,1,10.0,1.0,"","LINESTRING (50.000000 1.000000 ,48.000000 1.000000 )"
1083174016,,1834,1836,,13,1,0.45000,1,10.0,1.0,"","LINESTRING (50.000000 0.000000 ,48.000000 0.000000 )"
1083174016,,1835,1843,,0,1,0.04000,1,10.0,1.0,"","LINESTRING (48.000000 1.000000 ,45.000000 1.000000 )"
1083174016,,1836,1843,,0,1,0.05000,1,10.0,1.0,"","LINESTRING (48.000000 0.000000 ,45.000000 1.000000 )"
1083174016,,1843,1852,,0,1,0.16000,1,10.0,1.0,"","LINESTRING (45.000000 1.000000 ,40.000000 1.000000 )"
1083174016,,1818,1852,,12,1,1000.00000,1,10.0,1.0,"","LINESTRING (59.000000 1.000000 ,40.000000 1.000000 )"
1083174016,,1880,1863,,0,1,0.26000,1,10.0,1.0,"","LINESTRING (14.000000 3.000000 ,24.000000 3.000000 )"
1083174016,,1883,1880,,0,1,0.05000,1,10.0,1.0,"","LINESTRING (13.000000 4.000000 ,14.000000 3.000000 )"
1083174016,,1882,1880,,0,1,0.04000,1,10.0,1.0,"","LINESTRING (13.000000 3.000000 ,14.000000 3.000000 )"
1083174016,,1892,1883,,13,1,0.45000,1,10.0,1.0,"","LINESTRING (11.000000 4.000000 ,13.000000 4.000000 )"
1083174016,,1891,1882,,0,1,0.45000,1,10.0,1.0,"","LINESTRING (11.000000 3.000000 ,13.000000 3.000000 )"
1083174016,,1893,1892,,0,1,0.05000,1,10.0,1.0,"","LINESTRING (8.000000 3.000000 ,11.000000 4.000000 )"
1083174016,,1893,1891,,0,1,0.04000,1,10.0,1.0,"","LINESTRING (8.000000 3.000000 ,11.000000 3.000000 )"
1083174016,,1911,1893,,0,1,0.14000,1,10.0,1.0,"","LINESTRING (0.000000 3.000000 ,8.000000 3.000000 )"
1083174016,,1911,1863,,12,1,1000.00000,1,10.0,1.0,"","LINESTRING (0.000000 3.000000 ,24.000000 3.000000 )"
1083174016,,1864,1879,,0,1,0.12000,1,10.0,1.0,"","LINESTRING (24.000000 2.000000 ,16.000000 2.000000 )"
1083174016,,1879,1884,,0,1,0.04000,1,10.0,1.0,"","LINESTRING (16.000000 2.000000 ,14.000000 2.000000 )"
1083174016,,1884,1885,,0,1,0.04000,1,10.0,1.0,"","LINESTRING (14.000000 2.000000 ,13.000000 2.000000 )"
1083174016,,1884,1886,,0,1,0.05000,1,10.0,1.0,"","LINESTRING (14.000000 2.000000 ,13.000000 1.000000 )"
1083174016,,1879,1887,,0,1,0.08000,1,10.0,1.0,"","LINESTRING (16.000000 2.000000 ,13.000000 0.000000 )"
1083174016,,1885,1890,,0,1,0.45000,1,10.0,1.0,"","LINESTRING (13.000000 2.000000 ,11.000000 2.000000 )"
1083174016,,1886,1889,,13,1,0.45000,1,10.0,1.0,"","LINESTRING (13.000000 1.000000 ,11.000000 1.000000 )"
1083174016,,1887,1888,,13,1,0.45000,1,10.0,1.0,"","LINESTRING (13.000000 0.000000 ,11.000000 0.000000 )"
1083174016,,1890,1896,,0,1,0.04000,1,10.0,1.0,"","LINESTRING (11.000000 2.000000 ,8.000000 2.000000 )"
1083174016,,1889,1894,,0,1,0.04000,1,10.0,1.0,"","LINESTRING (11.000000 1.000000 ,10.000000 1.000000 )"
1083174016,,1894,1896,,0,1,0.04000,1,10.0,1.0,"","LINESTRING (10.000000 1.000000 ,8.000000 2.000000 )"
1083174016,,1888,1894,,0,1,0.05000,1,10.0,1.0,"","LINESTRING (11.000000 0.000000 ,10.000000 1.000000 )"
1083174016,,1896,1912,,0,1,0.12000,1,10.0,1.0,"","LINESTRING (8.000000 2.000000 ,0.000000 2.000000 )"
1083174016,,1864,1912,,12,1,1000.00000,1,10.0,1.0,"","LINESTRING (24.000000 2.000000 ,0.000000 2.000000 )"
1083174016,,1927,1923,,0,1,0.08000,1,10.0,1.0,"","LINESTRING (-30.000000 3.000000 ,-28.000000 3.000000 )"
1083174016,,1929,1927,,0,1,0.05000,1,10.0,1.0,"","LINESTRING (-33.000000 4.000000 ,-30.000000 3.000000 )"
1083174016,,1930,1927,,0,1,0.04000,1,10.0,1.0,"","LINESTRING (-33.000000 3.000000 ,-30.000000 3.000000 )"
1083174016,,1940,1929,,13,1,0.45000,1,10.0,1.0,"","LINESTRING (-35.000000 4.000000 ,-33.000000 4.000000 )"
1083174016,,1939,1930,,13,1,0.45000,1,10.0,1.0,"","LINESTRING (-35.000000 3.000000 ,-33.000000 3.000000 )"
1083174016,,1941,1940,,0,1,0.05000,1,10.0,1.0,"","LINESTRING (-38.000000 3.000000 ,-35.000000 4.000000 )"
1083174016,,1941,1939,,0,1,0.04000,1,10.0,1.0,"","LINESTRING (-38.000000 3.000000 ,-35.000000 3.000000 )"
1083174016,,1943,1941,,0,1,0.08000,1,10.0,1.0,"","LINESTRING (-40.000000 3.000000 ,-38.000000 3.000000 )"
1083174016,,1943,1923,,12,1,1000.00000,1,10.0,1.0,"","LINESTRING (-40.000000 3.000000 ,-28.000000 3.000000 )"
1083174016,,1924,1928,,0,1,0.08000,1,10.0,1.0,"","LINESTRING (-28.000000 1.000000 ,-30.000000 1.000000 )"
1083174016,,1928,1932,,0,1,0.04000,1,10.0,1.0,"","LINESTRING (-30.000000 1.000000 ,-32.000000 1.000000 )"
1083174016,,1932,1933,,0,1,0.05000,1,10.0,1.0,"","LINESTRING (-32.000000 1.000000 ,-33.000000 2.000000 )"
1083174016,,1932,1934,,0,1,0.04000,1,10.0,1.0,"","LINESTRING (-32.000000 1.000000 ,-33.000000 1.000000 )"
1083174016,,1928,1935,,0,1,0.05000,1,10.0,1.0,"","LINESTRING (-30.000000 1.000000 ,-33.000000 0.000000 )"
1083174016,,1933,1938,,13,1,0.45000,1,10.0,1.0,"","LINESTRING (-33.000000 2.000000 ,-35.000000 2.000000 )"
1083174016,,1934,1937,,13,1,0.45000,1,10.0,1.0,"","LINESTRING (-33.000000 1.000000 ,-35.000000 1.000000 )"
1083174016,,1935,1936,,13,1,0.45000,1,10.0,1.0,"","LINESTRING (-33.000000 0.000000 ,-35.000000 0.000000 )"
1083174016,,1938,19401,,0,1,0.05000,1,10.0,1.0,"","LINESTRING (-35.000000 2.000000 ,-36.000000 1.000000 )"
1083174016,,1937,19401,,0,1,0.04000,1,10.0,1.0,"","LINESTRING (-35.000000 1.000000 ,-36.000000 1.000000 )"
1083174016,,19401,1945,,0,1,0.04000,1,10.0,1.0,"","LINESTRING (-36.000000 1.000000 ,-38.000000 1.000000 )"
1083174016,,1936,1945,,0,1,0.05000,1,10.0,1.0,"","LINESTRING (-35.000000 0.000000 ,-38.000000 1.000000 )"
1083174016,,1945,1947,,0,1,0.08000,1,10.0,1.0,"","LINESTRING (-38.000000 1.000000 ,-40.000000 1.000000 )"
1083174016,,1924,1947,,12,1,1000.00000,1,10.0,1.0,"","LINESTRING (-28.000000 1.000000 ,-40.000000 1.000000 )"
1083174016,,1923,1911,,1,1,1.00000,1,60.0,2000.0,"","LINESTRING (-28.000000 3.000000 ,0.000000 3.000000 )"
1083174016,,1863,1851,,1,1,1.00000,1,60.0,2000.0,"","LINESTRING (24.000000 3.000000 ,40.000000 2.000000 )"
1083174016,,1817,1805,,1,1,1.00000,1,60.0,2000.0,"","LINESTRING (59.000000 2.000000 ,80.000000 3.000000 )"
1083174016,,1753,1741,,1,1,1.00000,1,60.0,2000.0,"","LINESTRING (103.000000 3.000000 ,120.000000 2.000000 )"
1083174016,,1695,1685,,1,1,1.00000,1,60.0,2000.0,"","LINESTRING (144.000000 2.000000 ,160.000000 5.000000 )"
1083174016,,1640,1630,,1,1,1.00000,1,60.0,2000.0,"","LINESTRING (186.000000 5.000000 ,200.000000 4.000000 )"
1083174016,,1576,1564,,1,1,1.00000,1,60.0,2000.0,"","LINESTRING (228.000000 4.000000 ,240.000000 2.000000 )"
1083174016,,1565,1577,,1,1,1.00000,1,60.0,2000.0,"","LINESTRING (240.000000 1.000000 ,228.000000 3.000000 )"
1083174016,,1631,1641,,1,1,1.00000,1,60.0,2000.0,"","LINESTRING (200.000000 3.000000 ,186.000000 4.000000 )"
1083174016,,1686,1696,,1,1,1.00000,1,60.0,2000.0,"","LINESTRING (160.000000 4.000000 ,144.000000 1.000000 )"
1083174016,,1742,1754,,1,1,1.00000,1,60.0,2000.0,"","LINESTRING (120.000000 1.000000 ,103.000000 2.000000 )"
1083174016,,1806,1818,,1,1,1.00000,1,60.0,2000.0,"","LINESTRING (80.000000 2.000000 ,59.000000 1.000000 )"
1083174016,,1852,1864,,1,1,1.00000,1,60.0,2000.0,"","LINESTRING (40.000000 1.000000 ,24.000000 2.000000 )"
1083174016,,1912,1924,,1,1,1.00000,1,60.0,2000.0,"","LINESTRING (0.000000 2.000000 ,-28.000000 1.000000 )"
