from_node,to_node,length_in_mile,speed_limit_in_mph_FT,speed_limit_in_mph_TF,link_capacity_in_train_per_time_interval,dwelling_allowable_flag,bidirectional_flag
233,231,0.04,120,120,1,0,0
231,229,0.04,120,120,1,0,0
229,225,0.05,30,30,1,0,0
229,227,0.04,120,120,1,0,0
225,223,0.45,30,30,1,1,0
227,221,0.45,120,120,1,0,0
223,219,0.05,30,30,1,0,0
221,219,0.04,120,120,1,0,0
219,217,0.04,120,120,1,0,0
217,211,0.04,120,120,1,0,0
213,211,0.02,30,30,1,0,0
211,209,0.02,120,120,1,0,0
209,208,0.02,120,120,1,0,0
208,207,0.02,30,30,1,0,0
208,205,0.04,120,120,1,0,0
205,203,0.04,120,120,1,0,0
203,201,0.04,120,120,1,0,0
201,199,1.5,180,180,1,0,0
199,197,1.5,180,180,1,0,0
197,195,1.5,180,180,1,0,0
195,193,1.5,180,180,1,0,0
193,191,1.5,180,180,1,0,0
191,189,0.04,120,120,1,0,0
189,185,0.04,120,120,1,0,0
185,187,0.02,30,30,1,0,0
185,183,0.04,120,120,1,0,0
183,181,0.04,120,120,1,0,0
182,181,0.02,30,30,1,0,0
181,179,0.04,120,120,1,0,0
179,177,0.04,120,120,1,0,0
177,173,0.05,30,30,1,0,0
177,175,0.04,120,120,1,0,0
173,171,0.45,30,30,1,1,0
175,169,0.45,120,120,1,0,0
171,167,0.05,30,30,1,0,0
169,167,0.04,120,120,1,0,0
167,165,0.04,120,120,1,0,0
165,162,0.04,120,120,1,0,0
161,162,0.02,30,30,1,0,0
162,163,0.02,120,120,1,0,0
163,158,0.02,120,120,1,0,0
158,155,0.04,120,120,1,0,0
158,157,0.02,30,30,1,0,0
155,153,0.04,120,120,1,0,0
153,151,0.04,120,120,1,0,0
151,149,1.5,180,180,1,0,0
149,147,1.5,180,180,1,0,0
147,145,1.5,180,180,1,0,0
145,143,1.5,180,180,1,0,0
143,141,1.5,180,180,1,0,0
141,139,1.5,180,180,1,0,0
139,135,0.04,120,120,1,0,0
135,133,0.04,120,120,1,0,0
135,137,0.02,30,30,1,0,0
133,131,0.04,120,120,1,0,0
128,131,0.02,30,30,1,0,0
131,129,0.04,120,120,1,0,0
129,127,0.04,120,120,1,0,0
127,125,0.05,30,30,1,0,0
127,123,0.04,120,120,1,0,0
125,121,0.45,30,30,1,1,0
123,119,0.45,120,120,1,0,0
121,117,0.05,30,30,1,0,0
119,117,0.04,120,120,1,0,0
117,115,0.04,120,120,1,0,0
115,111,0.04,120,120,1,0,0
111,109,0.04,120,120,1,0,0
111,112,0.02,30,30,1,0,0
109,105,0.04,120,120,1,0,0
107,105,0.02,30,30,1,0,0
105,103,0.04,120,120,1,0,0
103,101,0.04,120,120,1,0,0
101,99,1.5,180,180,1,0,0
99,97,1.5,180,180,1,0,0
97,95,1.5,180,180,1,0,0
95,93,1.5,180,180,1,0,0
93,91,1.5,180,180,1,0,0
91,89,0.04,120,120,1,0,0
89,87,0.04,120,120,1,0,0
87,84,0.04,120,120,1,0,0
85,84,0.02,30,30,1,0,0
84,83,0.02,120,120,1,0,0
83,82,0.02,120,120,1,0,0
82,79,0.04,120,120,1,0,0
82,81,0.02,30,30,1,0,0
79,77,0.04,120,120,1,0,0
77,73,0.05,30,30,1,0,0
77,75,0.04,120,120,1,0,0
73,71,0.45,30,30,1,1,0
75,69,0.45,120,120,1,0,0
71,67,0.05,30,30,1,0,0
69,67,0.04,120,120,1,0,0
67,65,0.04,120,120,1,0,0
65,61,0.04,120,120,1,0,0
63,61,0.02,30,30,1,0,0
61,59,0.02,120,120,1,0,0
59,58,0.02,120,120,1,0,0
58,56,0.02,30,30,1,0,0
58,57,0.04,120,120,1,0,0
57,55,0.04,120,120,1,0,0
55,53,0.04,120,120,1,0,0
53,51,1.5,180,180,1,0,0
51,49,1.5,180,180,1,0,0
49,47,1.5,180,180,1,0,0
47,45,1.5,180,180,1,0,0
45,43,1.5,180,180,1,0,0
43,41,0.04,120,120,1,0,0
41,39,0.04,120,120,1,0,0
39,37,0.04,120,120,1,0,0
36,37,0.02,30,30,1,0,0
37,35,0.02,120,120,1,0,0
35,33,0.02,120,120,1,0,0
33,29,0.04,120,120,1,0,0
33,31,0.02,30,30,1,0,0
29,27,0.04,120,120,1,0,0
27,25,0.05,30,30,1,0,0
27,23,0.04,120,120,1,0,0
25,21,0.45,30,30,1,1,0
23,19,0.45,120,120,1,0,0
21,17,0.05,30,30,1,0,0
19,17,0.04,120,120,1,0,0
17,15,0.04,120,120,1,0,0
15,11,0.04,120,120,1,0,0
12,11,0.02,30,30,1,0,0
11,9,0.02,120,120,1,0,0
9,7,0.02,120,120,1,0,0
7,8,0.02,30,30,1,0,0
7,5,0.04,120,120,1,0,0
5,3,0.04,120,120,1,0,0
3,1,0.04,120,120,1,0,0
2,4,0.04,120,120,1,0,0
4,6,0.04,120,120,1,0,0
6,8,0.02,30,30,1,0,0
6,10,0.04,120,120,1,0,0
10,13,0.04,120,120,1,0,0
12,13,0.02,30,30,1,0,0
13,14,0.04,120,120,1,0,0
14,16,0.04,120,120,1,0,0
16,18,0.04,120,120,1,0,0
16,20,0.05,30,30,1,0,0
20,22,0.45,30,30,1,1,0
18,24,0.45,120,120,1,0,0
22,26,0.05,30,30,1,0,0
24,26,0.04,120,120,1,0,0
26,28,0.04,120,120,1,0,0
28,30,0.04,120,120,1,0,0
30,31,0.02,30,30,1,0,0
30,32,0.04,120,120,1,0,0
32,34,0.04,120,120,1,0,0
36,34,0.02,30,30,1,0,0
34,38,0.04,120,120,1,0,0
38,40,0.04,120,120,1,0,0
40,42,1.5,180,180,1,0,0
42,44,1.5,180,180,1,0,0
44,46,1.5,180,180,1,0,0
46,48,1.5,180,180,1,0,0
48,50,1.5,180,180,1,0,0
50,52,0.04,120,120,1,0,0
52,54,0.04,120,120,1,0,0
54,56,0.02,30,30,1,0,0
54,60,0.04,120,120,1,0,0
60,62,0.04,120,120,1,0,0
63,62,0.02,30,30,1,0,0
62,64,0.04,120,120,1,0,0
64,66,0.04,120,120,1,0,0
66,72,0.04,120,120,1,0,0
66,68,0.05,30,30,1,0,0
68,70,0.45,30,30,1,1,0
72,74,0.45,120,120,1,0,0
74,76,0.04,120,120,1,0,0
70,76,0.05,30,30,1,0,0
76,78,0.04,120,120,1,0,0
78,80,0.04,120,120,1,0,0
80,81,0.02,30,30,1,0,0
80,88,0.04,120,120,1,0,0
88,86,0.04,120,120,1,0,0
85,86,0.02,30,30,1,0,0
86,90,0.04,120,120,1,0,0
90,92,0.04,120,120,1,0,0
92,94,1.5,180,180,1,0,0
94,96,1.5,180,180,1,0,0
96,98,1.5,180,180,1,0,0
98,100,1.5,180,180,1,0,0
100,102,1.5,180,180,1,0,0
102,104,0.04,120,120,1,0,0
104,106,0.04,120,120,1,0,0
106,108,0.04,120,120,1,0,0
107,108,0.02,30,30,1,0,0
108,110,0.02,120,120,1,0,0
110,113,0.02,120,120,1,0,0
113,112,0.02,30,30,1,0,0
113,114,0.02,120,120,1,0,0
114,116,0.02,120,120,1,0,0
116,120,0.04,120,120,1,0,0
116,118,0.08,30,30,1,0,0
118,122,0.45,30,30,1,1,0
120,124,0.45,120,120,1,0,0
124,126,0.04,120,120,1,0,0
128,126,0.02,30,30,1,0,0
126,130,0.02,120,120,1,0,0
122,132,0.08,30,30,1,0,0
130,132,0.02,120,120,1,0,0
132,134,0.02,120,120,1,0,0
134,136,0.02,120,120,1,0,0
136,137,0.02,30,30,1,0,0
136,138,0.04,120,120,1,0,0
138,140,0.04,120,120,1,0,0
140,142,1.5,180,180,1,0,0
142,144,1.5,180,180,1,0,0
144,146,1.5,180,180,1,0,0
146,148,1.5,180,180,1,0,0
148,150,1.5,180,180,1,0,0
150,152,1.5,180,180,1,0,0
152,154,0.04,120,120,1,0,0
154,156,0.04,120,120,1,0,0
156,157,0.02,30,30,1,0,0
156,159,0.04,120,120,1,0,0
159,160,0.04,120,120,1,0,0
161,160,0.02,30,30,1,0,0
160,164,0.04,120,120,1,0,0
164,166,0.04,120,120,1,0,0
166,172,0.04,120,120,1,0,0
166,168,0.05,30,30,1,0,0
168,170,0.45,30,30,1,1,0
172,174,0.45,120,120,1,0,0
170,176,0.05,30,30,1,0,0
174,176,0.04,120,120,1,0,0
176,178,0.04,120,120,1,0,0
178,180,0.04,120,120,1,0,0
182,180,0.02,30,30,1,0,0
180,184,0.02,120,120,1,0,0
184,186,0.02,120,120,1,0,0
186,187,0.02,30,30,1,0,0
186,188,0.04,120,120,1,0,0
188,190,0.04,120,120,1,0,0
190,192,0.04,120,120,1,0,0
192,194,1.5,180,180,1,0,0
194,196,1.5,180,180,1,0,0
196,198,1.5,180,180,1,0,0
198,200,1.5,180,180,1,0,0
200,202,1.5,180,180,1,0,0
202,204,0.04,120,120,1,0,0
204,206,0.04,120,120,1,0,0
206,207,0.02,30,30,1,0,0
206,210,0.04,120,120,1,0,0
210,212,0.02,120,120,1,0,0
212,214,0.02,120,120,1,0,0
212,220,0.15,30,30,1,0,0
214,215,0.04,120,120,1,0,0
213,215,0.02,30,30,1,0,0
215,216,0.02,120,120,1,0,0
216,218,0.02,120,120,1,0,0
218,222,0.05,30,30,1,0,0
218,228,0.04,120,120,1,0,0
220,226,0.45,30,30,1,1,0
222,224,0.45,30,30,1,1,0
228,230,0.45,120,120,1,0,0
224,232,0.05,30,30,1,0,0
230,232,0.04,120,120,1,0,0
232,234,0.04,120,120,1,0,0
234,236,0.04,120,120,1,0,0
226,236,0.15,30,30,1,0,0
236,238,0.04,120,120,1,0,0
1,2013,1.5,180,180,1,0,0
2013,2015,1.5,180,180,1,0,0
2015,2017,1.5,180,180,1,0,0
2017,2019,1.5,180,180,1,0,0
2019,2021,1.5,180,180,1,0,0
2021,2023,1.5,180,180,1,0,0
2023,2025,1.5,180,180,1,0,0
2025,2027,1.5,180,180,1,0,0
2027,2029,1.5,180,180,1,0,0
2029,2031,1.5,180,180,1,0,0
2031,2033,1.5,180,180,1,0,0
2033,2035,1.5,180,180,1,0,0
2035,2037,0.04,120,120,1,0,0
2037,2039,0.04,120,120,1,0,0
2042,2039,0.02,30,30,1,0,1
2039,2041,0.02,120,120,1,0,1
2041,2043,0.02,120,120,1,0,1
2043,2047,0.04,120,120,1,0,1
2043,2045,0.02,30,30,1,0,1
2047,2049,0.04,120,120,1,0,1
2049,2125,0.08,30,30,1,0,1
2049,2051,0.02,120,120,1,0,1
2125,2126,0.08,30,30,1,0,1
2126,2127,0.05,30,30,1,0,1
2126,2128,0.04,30,30,1,0,1
2051,2052,0.04,120,120,1,0,1
2053,2052,0.02,30,30,1,0,1
2052,2055,0.02,120,120,1,0,1
2055,2059,0.04,120,120,1,0,1
2059,2060,0.02,30,30,1,0,1
2059,2073,0.12,120,120,1,0,0
2060,2061,0.02,30,30,1,0,1
2061,2074,0.08,30,30,1,0,1
2061,2062,0.02,30,30,1,0,1
2062,2063,0.02,30,30,1,0,1
2063,2076,0.05,30,30,1,0,1
2063,2075,0.04,30,30,1,0,1
2127,2129,0.45,30,30,1,1,1
2128,2130,0.45,30,30,1,1,1
2076,2077,0.45,30,30,1,1,1
2075,2078,0.45,30,30,1,1,1
2074,2079,0.45,30,30,1,1,1
2073,2080,0.45,120,120,1,0,0
2129,2131,0.05,30,30,1,0,1
2130,2131,0.04,30,30,1,0,1
2131,2132,0.08,30,30,1,0,1
2077,2086,0.05,30,30,1,0,1
2078,2086,0.04,30,30,1,0,1
2086,2087,0.02,30,30,1,0,1
2087,2088,0.02,30,30,1,0,1
2079,2088,0.08,30,30,1,0,1
2088,2089,0.02,30,30,1,0,1
2089,2090,0.02,30,30,1,0,1
2080,2090,0.12,120,120,1,0,0
2090,2091,0.02,120,120,1,0,1
2132,2092,0.08,30,30,1,0,1
2091,2092,0.02,120,120,1,0,1
2092,2133,0.02,120,120,1,0,1
2256,2135,0.1,30,30,1,0,1
2133,2135,0.02,120,120,1,0,1
2135,2136,0.02,120,120,1,0,1
2136,2103,0.06,120,120,1,0,1
2102,2103,0.02,30,30,1,0,1
2103,2104,0.06,120,120,1,0,1
2104,2105,0.06,120,120,1,0,1
2105,2109,0.06,120,120,1,0,0
2105,2107,0.02,30,30,1,0,1
2109,2112,0.04,120,120,1,0,0
2112,2113,1.5,180,180,1,0,0
2113,2115,1.5,180,180,1,0,0
2115,2117,1.5,180,180,1,0,0
2117,2119,1.5,180,180,1,0,0
2119,2121,1.5,180,180,1,0,0
2121,2123,1.5,180,180,1,0,0
2123,2257,1.5,180,180,1,0,0
2257,2258,1.5,180,180,1,0,0
2258,2259,1.5,180,180,1,0,0
2259,500,1.5,180,180,1,0,0
509,2260,1.5,180,180,1,0,0
2260,2261,1.5,180,180,1,0,0
2261,2262,1.5,180,180,1,0,0
2262,2124,1.5,180,180,1,0,0
2124,2122,1.5,180,180,1,0,0
2122,2120,1.5,180,180,1,0,0
2120,2118,1.5,180,180,1,0,0
2118,2116,1.5,180,180,1,0,0
2116,2114,1.5,180,180,1,0,0
2114,2111,1.5,180,180,1,0,0
2111,2110,0.04,120,120,1,0,0
2110,2108,0.06,120,120,1,0,0
2108,2107,0.02,30,30,1,0,1
2108,2106,0.06,120,120,1,0,0
2106,2101,0.06,120,120,1,0,0
2102,2101,0.02,30,30,1,0,1
2101,2100,0.06,120,120,1,0,1
2100,2095,0.02,120,120,1,0,1
2095,2096,0.02,120,120,1,0,1
2095,2094,0.05,30,30,1,0,1
2096,2097,0.02,120,120,1,0,1
2097,2081,0.08,120,120,1,0,0
2097,2098,0.02,30,30,1,0,1
2098,2099,0.02,30,30,1,0,1
2099,2082,0.04,30,30,1,0,1
2099,2083,0.05,30,30,1,0,1
2094,2093,0.05,30,30,1,0,1
2093,2084,0.04,30,30,1,0,1
2093,2085,0.05,30,30,1,0,1
2085,2068,0.45,30,30,1,1,1
2084,2069,0.45,30,30,1,1,1
2083,2070,0.45,30,30,1,1,1
2082,2071,0.45,30,30,1,1,1
2081,2072,0.45,120,120,1,0,0
2072,2058,0.08,120,120,1,0,0
2064,2058,0.02,30,30,1,0,0
2058,2057,0.02,120,120,1,0,0
2071,2065,0.04,30,30,1,0,0
2070,2065,0.05,30,30,1,0,0
2065,2064,0.02,30,30,1,0,0
2069,2067,0.04,30,30,1,0,0
2068,2067,0.05,30,30,1,0,0
2067,2066,0.05,30,30,1,0,0
2066,2056,0.05,30,30,1,0,0
2057,2056,0.02,120,120,1,0,0
2056,2054,0.04,120,120,1,0,0
2053,2050,0.02,30,30,1,0,0
2054,2050,0.04,120,120,1,0,0
2050,2048,0.02,120,120,1,0,0
2048,2046,0.02,120,120,1,0,0
2046,2045,0.02,30,30,1,0,1
2046,2044,0.04,120,120,1,0,0
2044,2040,0.04,120,120,1,0,0
2042,2040,0.02,30,30,1,0,1
2040,2038,0.02,120,120,1,0,0
2038,2036,0.04,120,120,1,0,0
2036,2034,1.5,180,180,1,0,0
2034,2032,1.5,180,180,1,0,0
2032,2030,1.5,180,180,1,0,0
2030,2026,1.5,180,180,1,0,0
2026,2024,1.5,180,180,1,0,0
2024,2022,1.5,180,180,1,0,0
2022,2020,1.5,180,180,1,0,0
2020,2018,1.5,180,180,1,0,0
2018,2016,1.5,180,180,1,0,0
2016,2014,1.5,180,180,1,0,0
2014,2010,1.5,180,180,1,0,0
2010,2,1.5,180,180,1,0,0
1500,2000,1.5,180,180,1,0,0
2000,2002,1.5,180,180,1,0,0
2002,2008,1.5,180,180,1,0,0
2008,2009,1.5,180,180,1,0,0
2009,2010,1.5,180,180,1,0,0
2000,2006,1.5,180,180,1,0,0
2006,2007,1.5,180,180,1,0,0
2007,2149,1.5,180,180,1,0,0
2149,2151,1.5,180,180,1,0,0
2151,2153,1.5,180,180,1,0,0
2153,2155,1.5,180,180,1,0,0
2155,2157,1.5,180,180,1,0,0
2157,2159,1.5,180,180,1,0,0
2159,2161,1.5,180,180,1,0,0
2161,2163,0.04,120,120,1,0,0
2163,2165,0.06,120,120,1,0,0
2165,2166,0.02,30,30,1,0,1
2165,2170,0.06,120,120,1,0,0
2170,2171,0.04,120,120,1,0,0
2172,2171,0.02,30,30,1,0,0
2171,2199,0.02,120,120,1,0,0
2199,2198,0.02,120,120,1,0,0
2198,2200,0.04,30,30,1,0,0
2198,2197,0.04,120,120,1,0,0
2200,2201,0.04,30,30,1,0,0
2201,2202,0.05,30,30,1,0,0
2201,2203,0.04,30,30,1,0,0
2197,2192,0.02,120,120,1,0,0
2191,2192,0.02,30,30,1,0,0
2192,2193,0.04,120,120,1,0,0
2193,2194,0.02,120,120,1,0,0
2194,2196,0.05,30,30,1,0,0
2194,2195,0.04,120,120,1,0,0
2202,2204,0.45,30,30,1,1,0
2203,2205,0.45,30,30,1,1,0
2196,2206,0.45,30,30,1,1,0
2195,2212,0.45,120,120,1,0,0
2204,2207,0.05,30,30,1,0,0
2205,2207,0.04,30,30,1,0,0
2207,2208,0.02,30,30,1,0,0
2208,2209,0.02,30,30,1,0,0
2206,2209,0.08,30,30,1,0,0
2209,2210,0.02,30,30,1,0,0
2210,2211,0.02,30,30,1,0,0
2212,2211,0.12,120,120,1,0,0
2211,2213,0.02,120,120,1,0,0
2213,2214,0.04,120,120,1,0,0
2215,2214,0.02,30,30,1,0,0
2214,2240,0.02,120,120,1,0,0
2240,2239,0.02,120,120,1,0,0
2239,2241,0.04,120,120,1,0,0
2239,2238,0.02,30,30,1,0,0
2241,2242,0.06,120,120,1,0,0
2243,2242,0.02,30,30,1,0,1
2242,2246,0.06,120,120,1,0,0
2246,2248,0.04,120,120,1,0,0
2248,2250,1.5,180,180,1,0,0
2250,2252,1.5,180,180,1,0,0
2252,2254,1.5,180,180,1,0,0
2254,2141,1.5,180,180,1,0,0
2141,2142,1.5,180,180,1,0,0
2142,1274,1.5,180,180,1,0,0
2113,2137,1.5,180,180,1,0,0
2137,2138,1.5,180,180,1,0,0
2138,2139,1.5,180,180,1,0,0
2139,2140,1.5,180,180,1,0,0
2140,2141,1.5,180,180,1,0,0
1275,2143,1.5,180,180,1,0,0
2143,2144,1.5,180,180,1,0,0
2144,2145,1.5,180,180,1,0,0
2145,2146,1.5,180,180,1,0,0
2146,2147,1.5,180,180,1,0,0
2147,2148,1.5,180,180,1,0,0
2148,2114,1.5,180,180,1,0,0
2144,2255,1.5,180,180,1,0,0
2255,2253,1.5,180,180,1,0,0
2253,2251,1.5,180,180,1,0,0
2251,2249,1.5,180,180,1,0,0
2249,2247,0.04,120,120,1,0,0
2247,2244,0.06,120,120,1,0,0
2243,2244,0.02,30,30,1,0,1
2244,2245,0.06,120,120,1,0,1
2245,2237,0.02,120,120,1,0,1
2237,2238,0.02,30,30,1,0,0
2237,2236,0.02,120,120,1,0,1
2236,2234,0.02,120,120,1,0,1
2234,2235,0.02,120,120,1,0,0
2234,2233,0.06,30,30,1,0,1
2235,2216,0.02,120,120,1,0,0
2215,2216,0.02,30,30,1,0,0
2216,2217,0.02,120,120,1,0,0
2217,2218,0.02,120,120,1,0,0
2218,2220,0.02,30,30,1,0,0
2218,2219,0.12,120,120,1,0,0
2220,2221,0.02,30,30,1,0,0
2221,2226,0.08,30,30,1,0,0
2221,2222,0.02,30,30,1,0,0
2222,2223,0.02,30,30,1,0,0
2223,2225,0.04,30,30,1,0,0
2223,2224,0.05,30,30,1,0,0
2233,2232,0.06,30,30,1,0,1
2232,2700,0.02,30,30,1,0,1
2232,2231,0.02,30,30,1,0,1
2230,2229,0.02,30,30,1,0,1
2800,2229,0.02,30,30,1,0,1
2229,2256,0.1,30,30,1,0,1
2700,2227,0.02,30,30,1,0,1
3100,2227,0.02,30,30,1,0,1
2227,2900,0.02,30,30,1,0,1
3200,2228,0.02,30,30,1,0,1
2800,2228,0.02,30,30,1,0,1
2228,3000,0.02,30,30,1,0,1
3000,2179,0.45,30,30,1,1,1
3100,2230,0.02,30,30,1,0,1
3200,2231,0.02,30,30,1,0,1
2900,2180,0.45,30,30,1,1,1
2224,2181,0.45,30,30,1,1,0
2225,2182,0.45,30,30,1,1,0
2226,2190,0.45,30,30,1,1,0
2219,2189,0.45,120,120,1,0,0
2179,2178,0.05,30,30,1,0,1
2180,2178,0.04,30,30,1,0,1
2178,2177,0.06,30,30,1,0,1
2181,2183,0.05,30,30,1,0,0
2182,2183,0.04,30,30,1,0,0
2183,2184,0.02,30,30,1,0,0
2190,2185,0.08,30,30,1,0,0
2184,2185,0.02,30,30,1,0,0
2185,2186,0.02,30,30,1,0,0
2189,2188,0.08,120,120,1,0,0
2191,2188,0.02,30,30,1,0,0
2188,2187,0.02,120,120,1,0,0
2186,2176,0.02,30,30,1,0,0
2187,2176,0.04,120,120,1,0,0
2176,2175,0.02,120,120,1,0,0
2175,2173,0.02,120,120,1,0,0
2172,2173,0.02,30,30,1,0,0
2173,2174,0.02,120,120,1,0,0
2177,2169,0.06,30,30,1,0,1
2174,2169,0.02,120,120,1,0,0
2169,2168,0.06,120,120,1,0,1
2168,2167,0.06,120,120,1,0,1
2167,2166,0.02,30,30,1,0,1
2167,2164,0.06,120,120,1,0,0
2164,2162,0.04,120,120,1,0,0
2162,2160,1.5,180,180,1,0,0
2160,2158,1.5,180,180,1,0,0
2158,2156,1.5,180,180,1,0,0
2156,2154,1.5,180,180,1,0,0
2154,2152,1.5,180,180,1,0,0
2152,2150,1.5,180,180,1,0,0
2150,2005,1.5,180,180,1,0,0
2005,2003,1.5,180,180,1,0,0
2003,2001,1.5,180,180,1,0,0
2001,1501,1.5,180,180,1,0,0
2013,2012,1.5,180,180,1,0,0
2012,2011,1.5,180,180,1,0,0
2011,2004,1.5,180,180,1,0,0
2004,2001,1.5,180,180,1,0,0
500,501,0.04,120,120,1,0,0
501,502,0.04,120,120,1,0,0
502,503,0.02,120,120,1,0,0
502,504,0.02,30,30,1,0,0
503,510,0.02,120,120,1,0,0
510,511,0.05,30,30,1,0,0
510,512,0.04,120,120,1,0,0
511,515,0.45,30,30,1,1,0
512,516,0.45,120,120,1,0,0
515,517,0.05,30,30,1,0,0
516,517,0.04,120,120,1,0,0
517,518,0.02,120,120,1,0,0
518,519,0.02,120,120,1,0,0
519,520,0.02,30,30,1,0,0
519,526,0.04,120,120,1,0,0
526,527,0.04,120,120,1,0,0
527,530,1.5,180,180,1,0,0
530,532,1.5,180,180,1,0,0
532,534,1.5,180,180,1,0,0
534,536,1.5,180,180,1,0,0
536,538,1.5,180,180,1,0,0
538,540,1.5,180,180,1,0,0
540,542,1.5,180,180,1,0,0
542,544,1.5,180,180,1,0,0
544,546,1.5,180,180,1,0,0
546,548,1.5,180,180,1,0,0
548,549,0.04,120,120,1,0,0
549,550,0.04,120,120,1,0,0
550,564,0.04,120,120,1,0,0
550,551,0.02,30,30,1,0,0
564,565,0.04,120,120,1,0,0
565,566,0.02,120,120,1,0,0
563,565,0.02,30,30,1,0,0
566,567,0.02,120,120,1,0,0
567,568,0.02,30,30,1,0,0
567,572,0.04,120,120,1,0,0
568,569,0.02,30,30,1,0,0
569,571,0.04,30,30,1,0,0
569,570,0.05,30,30,1,0,0
570,573,0.45,30,30,1,1,0
571,574,0.45,30,30,1,1,0
572,575,0.45,120,120,1,0,0
573,576,0.05,30,30,1,0,0
574,576,0.04,30,30,1,0,0
576,577,0.02,30,30,1,0,0
577,578,0.02,30,30,1,0,0
575,578,0.04,120,120,1,0,0
578,579,0.02,120,120,1,0,0
579,580,0.02,120,120,1,0,0
580,581,0.02,30,30,1,0,0
580,590,0.02,120,120,1,0,0
590,591,0.02,120,120,1,0,0
591,592,0.02,30,30,1,0,0
591,595,0.04,120,120,1,0,0
595,596,0.04,120,120,1,0,0
596,599,1.5,180,180,1,0,0
599,601,1.5,180,180,1,0,0
601,603,1.5,180,180,1,0,0
603,605,1.5,180,180,1,0,0
605,607,1.5,180,180,1,0,0
607,608,0.04,120,120,1,0,0
608,609,0.04,120,120,1,0,0
609,610,0.02,30,30,1,0,0
609,613,0.02,120,120,1,0,0
613,614,0.02,120,120,1,0,0
614,615,0.02,30,30,1,0,0
614,622,0.02,120,120,1,0,0
622,623,0.02,120,120,1,0,0
623,628,0.04,120,120,1,0,0
623,624,0.02,30,30,1,0,0
624,625,0.02,30,30,1,0,0
625,627,0.04,30,30,1,0,0
625,626,0.05,30,30,1,0,0
626,629,0.45,30,30,1,1,0
627,630,0.45,30,30,1,1,0
628,631,0.45,120,120,1,0,0
629,632,0.05,30,30,1,0,0
630,632,0.04,30,30,1,0,0
632,633,0.02,30,30,1,0,0
633,634,0.02,30,30,1,0,0
631,634,0.04,120,120,1,0,0
634,635,0.02,120,120,1,0,0
635,636,0.02,120,120,1,0,0
636,637,0.02,30,30,1,0,0
636,643,0.02,120,120,1,0,0
643,644,0.02,120,120,1,0,0
644,645,0.02,30,30,1,0,0
644,648,0.04,120,120,1,0,0
648,649,0.04,120,120,1,0,0
649,652,1.5,180,180,1,0,0
652,654,1.5,180,180,1,0,0
654,656,1.5,180,180,1,0,0
656,658,1.5,180,180,1,0,0
658,660,1.5,180,180,1,0,0
660,662,1.5,180,180,1,0,0
662,664,1.5,180,180,1,0,0
664,666,1.5,180,180,1,0,0
666,667,0.04,120,120,1,0,0
667,668,0.04,120,120,1,0,0
668,669,0.02,30,30,1,0,0
668,676,0.04,120,120,1,0,0
676,677,0.04,120,120,1,0,0
677,678,0.02,120,120,1,0,0
677,675,0.02,30,30,1,0,0
678,679,0.02,120,120,1,0,0
679,681,0.04,120,120,1,0,0
679,680,0.05,30,30,1,0,0
680,686,0.45,30,30,1,1,0
681,687,0.45,120,120,1,0,0
686,688,0.05,30,30,1,0,0
687,688,0.04,120,120,1,0,0
688,863,0.02,120,120,1,0,0
863,689,0.02,120,120,1,0,0
689,690,0.02,30,30,1,0,0
689,699,0.04,120,120,1,0,0
699,700,0.04,120,120,1,0,0
700,701,0.04,120,120,1,0,0
698,700,0.02,30,30,1,0,0
701,702,0.04,120,120,1,0,0
702,705,1.5,180,180,1,0,0
705,707,1.5,180,180,1,0,0
707,709,1.5,180,180,1,0,0
709,711,1.5,180,180,1,0,0
711,713,1.5,180,180,1,0,0
713,714,0.04,120,120,1,0,0
714,715,0.04,120,120,1,0,0
715,716,0.02,30,30,1,0,0
715,723,0.02,120,120,1,0,0
723,724,0.02,120,120,1,0,0
722,724,0.02,30,30,1,0,0
724,725,0.02,120,120,1,0,0
725,726,0.02,120,120,1,0,0
726,727,0.02,30,30,1,0,0
726,731,0.04,120,120,1,0,0
727,728,0.02,30,30,1,0,0
728,730,0.04,30,30,1,0,0
728,729,0.05,30,30,1,0,0
729,736,0.45,30,30,1,1,0
730,737,0.45,30,30,1,1,0
731,738,0.45,120,120,1,0,0
736,739,0.06,30,30,1,0,0
737,739,0.05,30,30,1,0,0
739,740,0.02,30,30,1,0,0
740,741,0.02,30,30,1,0,0
738,741,0.04,120,120,1,0,0
741,742,0.02,120,120,1,0,0
742,743,0.02,120,120,1,0,0
743,744,0.02,30,30,1,0,0
743,750,0.02,120,120,1,0,0
750,751,0.02,120,120,1,0,0
751,752,0.02,30,30,1,0,0
751,757,0.04,120,120,1,0,0
757,758,0.04,120,120,1,0,0
758,759,1.5,180,180,1,0,0
759,761,1.5,180,180,1,0,0
761,763,1.5,180,180,1,0,0
763,765,1.5,180,180,1,0,0
765,767,1.5,180,180,1,0,0
767,769,1.5,180,180,1,0,0
769,770,0.04,120,120,1,0,0
770,771,0.04,120,120,1,0,0
771,772,0.02,30,30,1,0,0
771,779,0.02,120,120,1,0,0
779,780,0.02,120,120,1,0,0
778,780,0.02,30,30,1,0,0
780,781,0.02,120,120,1,0,0
781,782,0.02,120,120,1,0,0
782,783,0.05,30,30,1,0,0
782,787,0.04,120,120,1,0,0
783,784,0.02,30,30,1,0,0
784,786,0.04,30,30,1,0,0
784,785,0.05,30,30,1,0,0
785,792,0.45,30,30,1,1,0
786,793,0.45,30,30,1,1,0
787,794,0.45,120,120,1,0,0
792,795,0.05,30,30,1,0,0
793,795,0.04,30,30,1,0,0
795,796,0.02,30,30,1,0,0
796,797,0.02,30,30,1,0,0
794,797,0.04,120,120,1,0,0
797,798,0.02,120,120,1,0,0
798,799,0.02,120,120,1,0,0
799,800,0.02,30,30,1,0,0
799,809,0.04,120,120,1,0,0
809,810,0.04,120,120,1,0,0
808,810,0.02,30,30,1,0,0
810,811,0.04,120,120,1,0,0
811,812,0.04,120,120,1,0,0
812,815,1.5,180,180,1,0,0
815,817,1.5,180,180,1,0,0
817,819,1.5,180,180,1,0,0
819,821,1.5,180,180,1,0,0
821,823,1.5,180,180,1,0,0
823,824,0.04,120,120,1,0,0
824,825,0.04,120,120,1,0,0
825,826,0.02,30,30,1,0,0
825,833,0.04,120,120,1,0,0
833,834,0.04,120,120,1,0,0
834,835,0.02,120,120,1,0,0
832,834,0.02,30,30,1,0,0
835,836,0.02,120,120,1,0,0
836,838,0.05,30,30,1,0,0
836,837,0.04,120,120,1,0,0
837,843,0.45,120,120,1,0,0
838,844,0.45,30,30,1,1,0
843,845,0.04,120,120,1,0,0
844,845,0.05,30,30,1,0,0
845,846,0.02,120,120,1,0,0
846,847,0.02,120,120,1,0,0
847,848,0.02,30,30,1,0,0
847,854,0.02,120,120,1,0,0
854,855,0.02,120,120,1,0,0
855,856,0.02,30,30,1,0,0
855,861,0.04,120,120,1,0,0
861,862,0.04,120,120,1,0,0
860,859,0.04,120,120,1,0,0
859,858,0.04,120,120,1,0,0
858,856,0.02,30,30,1,0,0
858,857,0.04,120,120,1,0,0
857,849,0.04,120,120,1,0,0
849,848,0.02,30,30,1,0,0
849,850,0.02,120,120,1,0,0
850,851,0.02,120,120,1,0,0
851,852,0.05,120,120,1,0,0
851,853,0.05,30,30,1,0,0
853,842,0.45,30,30,1,1,0
852,841,0.45,120,120,1,0,0
842,840,0.05,30,30,1,0,0
841,840,0.05,120,120,1,0,0
840,839,0.02,120,120,1,0,0
839,831,0.02,120,120,1,0,0
832,831,0.02,30,30,1,0,0
831,830,0.02,120,120,1,0,0
830,827,0.02,120,120,1,0,0
827,826,0.02,30,30,1,0,0
827,828,0.04,120,120,1,0,0
828,829,0.04,120,120,1,0,0
829,822,1.5,180,180,1,0,0
822,820,1.5,180,180,1,0,0
820,818,1.5,180,180,1,0,0
818,816,1.5,180,180,1,0,0
816,814,1.5,180,180,1,0,0
814,813,0.04,120,120,1,0,0
813,807,0.04,120,120,1,0,0
807,806,0.02,120,120,1,0,0
808,807,0.02,30,30,1,0,0
806,801,0.02,120,120,1,0,0
801,802,0.02,120,120,1,0,0
801,800,0.02,30,30,1,0,0
802,803,0.02,120,120,1,0,0
803,804,0.04,120,120,1,0,0
803,805,0.05,30,30,1,0,0
805,791,0.45,30,30,1,1,0
804,790,0.45,120,120,1,0,0
791,789,0.05,30,30,1,0,0
790,789,0.04,120,120,1,0,0
789,788,0.02,120,120,1,0,0
788,777,0.02,120,120,1,0,0
777,778,0.02,30,30,1,0,0
777,776,0.04,120,120,1,0,0
776,775,0.04,120,120,1,0,0
775,774,0.04,120,120,1,0,0
775,772,0.02,30,30,1,0,0
774,773,0.04,120,120,1,0,0
773,768,1.5,180,180,1,0,0
768,766,1.5,180,180,1,0,0
766,764,1.5,180,180,1,0,0
764,762,1.5,180,180,1,0,0
762,760,1.5,180,180,1,0,0
760,756,1.5,180,180,1,0,0
756,755,0.04,120,120,1,0,0
755,754,0.04,120,120,1,0,0
754,752,0.02,30,30,1,0,0
754,753,0.04,120,120,1,0,0
753,745,0.04,120,120,1,0,0
745,746,0.02,120,120,1,0,0
745,744,0.02,30,30,1,0,0
746,747,0.02,120,120,1,0,0
747,748,0.05,30,30,1,0,0
747,749,0.04,120,120,1,0,0
748,735,0.45,30,30,1,1,0
749,734,0.45,120,120,1,0,0
734,733,0.04,120,120,1,0,0
735,733,0.05,30,30,1,0,0
733,732,0.02,120,120,1,0,0
732,721,0.02,120,120,1,0,0
722,721,0.02,30,30,1,0,0
721,720,0.04,120,120,1,0,0
720,719,0.04,120,120,1,0,0
719,716,0.02,30,30,1,0,0
719,718,0.04,120,120,1,0,0
718,717,0.04,120,120,1,0,0
717,712,1.5,180,180,1,0,0
712,710,1.5,180,180,1,0,0
710,708,1.5,180,180,1,0,0
708,706,1.5,180,180,1,0,0
706,704,1.5,180,180,1,0,0
704,703,0.04,120,120,1,0,0
703,697,0.04,120,120,1,0,0
698,697,0.02,30,30,1,0,0
697,696,0.02,120,120,1,0,0
696,691,0.02,120,120,1,0,0
691,690,0.02,30,30,1,0,0
691,692,0.02,120,120,1,0,0
692,693,0.02,120,120,1,0,0
693,694,0.04,120,120,1,0,0
693,695,0.05,30,30,1,0,0
695,685,0.45,30,30,1,1,0
694,684,0.45,120,120,1,0,0
684,683,0.04,120,120,1,0,0
685,683,0.05,30,30,1,0,0
683,682,0.02,120,120,1,0,0
682,674,0.02,120,120,1,0,0
675,674,0.02,30,30,1,0,0
674,673,0.02,120,120,1,0,0
673,670,0.02,120,120,1,0,0
670,669,0.02,30,30,1,0,0
670,671,0.04,120,120,1,0,0
671,672,0.04,120,120,1,0,0
672,665,1.5,180,180,1,0,0
665,663,1.5,180,180,1,0,0
663,661,1.5,180,180,1,0,0
661,659,1.5,180,180,1,0,0
659,657,1.5,180,180,1,0,0
657,655,1.5,180,180,1,0,0
655,653,1.5,180,180,1,0,0
653,651,1.5,180,180,1,0,0
651,650,0.04,120,120,1,0,0
650,647,0.04,120,120,1,0,0
647,645,0.02,30,30,1,0,0
647,646,0.04,120,120,1,0,0
646,638,0.04,120,120,1,0,0
638,637,0.02,30,30,1,0,0
638,639,0.02,120,120,1,0,0
639,640,0.02,120,120,1,0,0
640,641,0.04,120,120,1,0,0
640,642,0.05,30,30,1,0,0
642,621,0.45,30,30,1,1,0
641,620,0.45,120,120,1,0,0
621,619,0.05,30,30,1,0,0
620,619,0.04,120,120,1,0,0
619,618,0.02,120,120,1,0,0
618,617,0.02,120,120,1,0,0
617,615,0.02,30,30,1,0,0
617,616,0.04,120,120,1,0,0
616,612,0.04,120,120,1,0,0
612,610,0.02,30,30,1,0,0
612,611,0.04,120,120,1,0,0
611,865,0.04,120,120,1,0,0
865,606,1.5,180,180,1,0,0
606,604,1.5,180,180,1,0,0
604,602,1.5,180,180,1,0,0
602,600,1.5,180,180,1,0,0
600,598,1.5,180,180,1,0,0
598,597,0.04,120,120,1,0,0
597,593,0.04,120,120,1,0,0
593,592,0.02,30,30,1,0,0
593,594,0.04,120,120,1,0,0
594,582,0.04,120,120,1,0,0
582,581,0.02,30,30,1,0,0
582,583,0.02,120,120,1,0,0
583,584,0.02,120,120,1,0,0
584,585,0.02,120,120,1,0,0
584,589,0.05,30,30,1,0,0
585,586,0.02,120,120,1,0,0
586,587,0.04,120,120,1,0,0
586,588,0.05,30,30,1,0,0
589,558,0.45,30,30,1,1,0
588,559,0.45,30,30,1,1,0
587,560,0.45,120,120,1,0,0
560,562,0.04,120,120,1,0,0
563,562,0.02,30,30,1,0,0
562,561,0.02,120,120,1,0,0
558,557,0.05,30,30,1,0,0
559,557,0.04,30,30,1,0,0
557,556,0.02,30,30,1,0,0
556,555,0.02,30,30,1,0,0
561,555,0.02,120,120,1,0,0
555,554,0.02,120,120,1,0,0
554,553,0.02,120,120,1,0,0
553,551,0.02,30,30,1,0,0
553,552,0.04,120,120,1,0,0
552,864,0.04,120,120,1,0,0
864,547,1.5,180,180,1,0,0
547,545,1.5,180,180,1,0,0
545,543,1.5,180,180,1,0,0
543,541,1.5,180,180,1,0,0
541,539,1.5,180,180,1,0,0
539,537,1.5,180,180,1,0,0
537,535,1.5,180,180,1,0,0
535,533,1.5,180,180,1,0,0
533,531,1.5,180,180,1,0,0
531,529,1.5,180,180,1,0,0
529,528,0.04,120,120,1,0,0
528,525,0.04,120,120,1,0,0
525,523,0.02,30,30,1,0,0
525,524,0.05,120,120,1,0,0
523,521,0.02,30,30,1,0,0
521,522,0.04,30,30,1,0,0
521,520,0.02,30,30,1,0,0
522,513,0.45,30,30,1,1,0
524,514,0.45,120,120,1,0,0
514,507,0.05,120,120,1,0,0
506,507,0.02,30,30,1,0,0
507,508,0.04,120,120,1,0,0
505,506,0.02,30,30,1,0,0
513,505,0.04,30,30,1,0,0
505,504,0.02,30,30,1,0,0
508,509,0.04,120,120,1,0,0
1502,1500,0.04,120,120,1,0,0
1504,1502,0.04,120,120,1,0,0
1506,1504,0.02,120,120,1,0,0
1510,1504,0.02,30,30,1,0,0
1508,1506,0.02,120,120,1,0,0
1513,1510,0.02,30,30,1,0,0
1512,1508,0.02,30,30,1,0,0
1511,1512,0.02,30,30,1,0,0
1505,1511,0.02,30,30,1,0,0
1505,1507,0.02,120,120,1,0,0
1507,1509,0.02,120,120,1,0,0
1509,1513,0.02,30,30,1,0,0
1514,1508,0.04,120,120,1,0,0
1516,1514,0.02,120,120,1,0,0
1523,1516,0.02,120,120,1,0,0
1529,1523,0.04,120,120,1,0,0
1528,1523,0.05,30,30,1,0,0
1517,1514,0.02,30,30,1,0,0
1518,1517,0.02,30,30,1,0,0
1519,1518,0.02,30,30,1,0,0
1522,1519,0.02,30,30,1,0,0
1527,1522,0.04,30,30,1,0,0
1526,1522,0.05,30,30,1,0,0
1520,1518,0.04,30,30,1,0,0
1521,1520,0.04,30,30,1,0,0
1525,1521,0.04,30,30,1,0,0
1524,1521,0.05,30,30,1,0,0
1535,1524,0.45,30,30,1,1,0
1534,1525,0.45,30,30,1,1,0
1533,1526,0.45,30,30,1,1,0
1532,1527,0.45,30,30,1,1,0
1531,1528,0.45,30,30,1,1,0
1530,1529,0.45,120,120,1,0,0
1564,1562,0.04,120,120,1,0,0
1562,1556,0.04,120,120,1,0,0
1556,1554,0.02,120,120,1,0,0
1554,1552,0.02,120,120,1,0,0
1556,1560,0.02,30,30,1,0,0
1560,1559,0.02,30,30,1,0,0
1559,1553,0.02,30,30,1,0,0
1552,1558,0.02,30,30,1,0,0
1558,1561,0.02,30,30,1,0,0
1561,1557,0.02,30,30,1,0,0
1553,1555,0.02,120,120,1,0,0
1555,1557,0.02,120,120,1,0,0
1552,1551,0.02,120,120,1,0,0
1551,1543,0.02,120,120,1,0,0
1543,1541,0.04,30,30,1,0,0
1543,1542,0.02,30,30,1,0,0
1542,15312,0.02,120,120,1,0,0
15312,1530,0.04,120,120,1,0,0
15312,1531,0.05,30,30,1,0,0
1541,1540,0.02,30,30,1,0,0
1540,1539,0.02,30,30,1,0,0
1539,1538,0.02,30,30,1,0,0
1538,1532,0.04,30,30,1,0,0
1538,1533,0.05,30,30,1,0,0
1540,1537,0.05,30,30,1,0,0
1537,1536,0.04,30,30,1,0,0
1536,1534,0.04,30,30,1,0,0
1536,1535,0.05,30,30,1,0,0
1501,1503,0.04,120,120,1,0,0
1503,1505,0.04,120,120,1,0,0
1509,1515,0.04,120,120,1,0,0
1515,1544,0.04,120,120,1,0,0
1544,1545,0.04,120,120,1,0,0
1544,1546,0.05,30,30,1,0,0
1545,1548,0.45,120,120,1,0,0
1546,1547,0.45,30,30,1,1,0
1548,1549,0.04,120,120,1,0,0
1547,1549,0.05,30,30,1,0,0
1549,1550,0.04,120,120,1,0,0
1550,1553,0.04,120,120,1,0,0
1557,1563,0.04,120,120,1,0,0
1563,1565,0.04,120,120,1,0,0
1576,1574,1.5,180,180,1,0,0
1574,1572,1.5,180,180,1,0,0
1572,1570,1.5,180,180,1,0,0
1570,1568,1.5,180,180,1,0,0
1568,1566,1.5,180,180,1,0,0
1566,1564,1.5,180,180,1,0,0
1565,1567,1.5,180,180,1,0,0
1567,1569,1.5,180,180,1,0,0
1569,1571,1.5,180,180,1,0,0
1571,1573,1.5,180,180,1,0,0
1573,1575,1.5,180,180,1,0,0
1575,1577,1.5,180,180,1,0,0
1578,1576,0.04,120,120,1,0,0
1580,1578,0.04,120,120,1,0,0
1582,1580,0.02,120,120,1,0,0
1584,1582,0.02,120,120,1,0,0
1588,1584,0.02,30,30,1,0,0
1587,1588,0.02,30,30,1,0,0
1581,1587,0.02,30,30,1,0,0
1585,1589,0.02,30,30,1,0,0
1589,1586,0.02,30,30,1,0,0
1586,1580,0.02,30,30,1,0,0
1581,1583,0.02,120,120,1,0,0
1583,1585,0.02,120,120,1,0,0
1591,1584,0.04,120,120,1,0,0
1593,1591,0.04,120,120,1,0,0
1594,1593,0.04,120,120,1,0,0
1595,1593,0.04,30,30,1,0,0
1597,1595,0.45,30,30,1,1,0
1596,1594,0.45,120,120,1,0,0
1598,1597,0.05,30,30,1,0,0
1598,1596,0.04,120,120,1,0,0
1599,1598,0.04,120,120,1,0,0
1618,1599,0.04,120,120,1,0,0
1622,1620,0.02,120,120,1,0,0
1620,1618,0.02,120,120,1,0,0
1622,1626,0.02,30,30,1,0,0
1626,1625,0.02,30,30,1,0,0
1625,1619,0.02,30,30,1,0,0
1618,1624,0.02,30,30,1,0,0
1624,1627,0.02,30,30,1,0,0
1627,1623,0.02,30,30,1,0,0
1619,1621,0.02,120,120,1,0,0
1621,1623,0.02,120,120,1,0,0
1628,1622,0.04,120,120,1,0,0
1630,1628,0.04,120,120,1,0,0
1577,1579,0.04,120,120,1,0,0
1579,1581,0.04,120,120,1,0,0
1585,1590,0.02,120,120,1,0,0
1590,1592,0.02,120,120,1,0,0
1592,1604,0.04,120,120,1,0,0
1592,1600,0.02,30,30,1,0,0
1600,1601,0.02,30,30,1,0,0
1601,1605,0.04,30,30,1,0,0
1601,1602,0.02,30,30,1,0,0
1602,1603,0.02,30,30,1,0,0
1603,1606,0.04,30,30,1,0,0
1603,1607,0.05,30,30,1,0,0
1604,1608,0.45,120,120,1,0,0
1605,1609,0.45,30,30,1,1,0
1606,1610,0.45,30,30,1,1,0
1607,1611,0.45,30,30,1,1,0
1608,1612,0.04,120,120,1,0,0
1609,1614,0.04,30,30,1,0,0
1614,1613,0.02,30,30,1,0,0
1613,1612,0.02,30,30,1,0,0
1610,1616,0.04,30,30,1,0,0
1616,1615,0.02,30,30,1,0,0
1615,1614,0.02,30,30,1,0,0
1611,1616,0.05,30,30,1,0,0
1612,1617,0.02,120,120,1,0,0
1617,1619,0.02,120,120,1,0,0
1623,1629,0.04,120,120,1,0,0
1629,1631,0.04,120,120,1,0,0
1631,1633,1.5,180,180,1,0,0
1633,1635,1.5,180,180,1,0,0
1635,1637,1.5,180,180,1,0,0
1637,1639,1.5,180,180,1,0,0
1639,1641,1.5,180,180,1,0,0
1640,1638,1.5,180,180,1,0,0
1638,1636,1.5,180,180,1,0,0
1636,1634,1.5,180,180,1,0,0
1634,1632,1.5,180,180,1,0,0
1632,1630,1.5,180,180,1,0,0
1642,1640,0.04,120,120,1,0,0
1644,1642,0.04,120,120,1,0,0
1648,1644,0.04,120,120,1,0,0
1646,1645,0.02,30,30,1,0,0
1645,1644,0.02,30,30,1,0,0
16602,1648,0.04,120,120,1,0,0
1661,16602,0.05,30,30,1,0,0
1662,16602,0.04,120,120,1,0,0
1663,1661,0.45,30,30,1,1,0
1664,1662,0.45,120,120,1,0,0
1676,1663,0.05,30,30,1,0,0
1676,1664,0.04,120,120,1,0,0
1677,1676,0.04,120,120,1,0,0
1682,1677,0.04,120,120,1,0,0
1681,1680,0.02,30,30,1,0,0
1682,1681,0.02,30,30,1,0,0
1683,1682,0.04,120,120,1,0,0
1685,1683,0.04,120,120,1,0,0
1641,1643,0.04,120,120,1,0,0
1643,1646,0.04,120,120,1,0,0
1646,1647,0.02,120,120,1,0,0
1647,1649,0.02,120,120,1,0,0
1649,1650,0.02,120,120,1,0,0
1650,1655,0.02,120,120,1,0,0
1649,1651,0.04,30,30,1,0,0
1655,1656,0.04,120,120,1,0,0
1655,1657,0.02,30,30,1,0,0
1657,1658,0.02,30,30,1,0,0
1658,1659,0.02,30,30,1,0,0
1658,1660,0.05,30,30,1,0,0
1651,1652,0.04,30,30,1,0,0
1652,1653,0.04,30,30,1,0,0
1652,1654,0.04,30,30,1,0,0
1656,1665,0.45,120,120,1,0,0
1659,1666,0.45,30,30,1,1,0
1660,1667,0.45,30,30,1,1,0
1653,1668,0.45,30,30,1,1,0
1654,1669,0.45,30,30,1,1,0
1665,1674,0.04,120,120,1,0,0
1666,1674,0.05,30,30,1,0,0
1674,1675,0.04,120,120,1,0,0
1675,1678,0.04,120,120,1,0,0
1667,1672,0.04,30,30,1,0,0
1672,1673,0.04,30,30,1,0,0
1673,1678,0.04,30,30,1,0,0
1668,1670,0.04,30,30,1,0,0
1670,1671,0.02,30,30,1,0,0
1671,1672,0.02,30,30,1,0,0
1669,1670,0.05,30,30,1,0,0
1678,1679,0.02,120,120,1,0,0
1679,1680,0.02,120,120,1,0,0
1680,1684,0.04,120,120,1,0,0
1684,1686,0.04,120,120,1,0,0
1686,1688,1.5,180,180,1,0,0
1688,1690,1.5,180,180,1,0,0
1690,1692,1.5,180,180,1,0,0
1692,1694,1.5,180,180,1,0,0
1694,1696,1.5,180,180,1,0,0
1695,1693,1.5,180,180,1,0,0
1693,1691,1.5,180,180,1,0,0
1691,1689,1.5,180,180,1,0,0
1689,1687,1.5,180,180,1,0,0
1687,1685,1.5,180,180,1,0,0
1697,1695,0.04,120,120,1,0,0
1701,1697,0.04,120,120,1,0,0
1700,1701,0.02,30,30,1,0,0
1699,1700,0.02,30,30,1,0,0
1702,1701,0.02,120,120,1,0,0
1703,1702,0.02,120,120,1,0,0
1713,1703,0.02,120,120,1,0,0
1714,1713,0.02,120,120,1,0,0
1715,1714,0.04,120,120,1,0,0
1712,1714,0.05,30,30,1,0,0
1705,1703,0.04,30,30,1,0,0
1706,1705,0.04,30,30,1,0,0
1711,1706,0.04,30,30,1,0,0
1707,1706,0.02,30,30,1,0,0
1708,1707,0.02,30,30,1,0,0
1710,1708,0.04,30,30,1,0,0
1709,1708,0.05,30,30,1,0,0
1719,1709,0.45,30,30,1,1,0
1720,1710,0.45,30,30,1,1,0
1721,1711,0.45,30,30,1,1,0
1722,1712,0.45,30,30,1,1,0
1723,1715,0.45,120,120,1,0,0
1724,1719,0.05,30,30,1,0,0
1724,1720,0.04,30,30,1,0,0
1725,1724,0.04,30,30,1,0,0
1733,1725,0.04,30,30,1,0,0
1733,1729,0.02,120,120,1,0,0
1729,1728,0.02,120,120,1,0,0
1728,1727,0.02,30,30,1,0,0
1727,1726,0.02,30,30,1,0,0
1726,1721,0.05,30,30,1,0,0
1726,1722,0.04,30,30,1,0,0
1728,1723,0.04,30,30,1,0,0
1735,1733,0.02,120,120,1,0,0
1736,1735,0.02,120,120,1,0,0
1736,1737,0.02,30,30,1,0,0
1737,1738,0.02,30,30,1,0,0
1739,1736,0.04,120,120,1,0,0
1741,1739,0.04,120,120,1,0,0
1696,1698,0.04,120,120,1,0,0
1698,1699,0.04,120,120,1,0,0
1699,1704,0.04,120,120,1,0,0
1704,1716,0.04,120,120,1,0,0
1716,1717,0.04,120,120,1,0,0
1716,1718,0.05,30,30,1,0,0
1717,1730,0.45,120,120,1,0,0
1718,1731,0.45,30,30,1,1,0
1730,1732,0.04,120,120,1,0,0
1731,1732,0.05,30,30,1,0,0
1732,1734,0.04,120,120,1,0,0
1734,1738,0.04,120,120,1,0,0
1738,1740,0.04,120,120,1,0,0
1740,1742,0.04,120,120,1,0,0
1753,1751,1.5,180,180,1,0,0
1751,1749,1.5,180,180,1,0,0
1749,1747,1.5,180,180,1,0,0
1747,1745,1.5,180,180,1,0,0
1745,1743,1.5,180,180,1,0,0
1743,1741,1.5,180,180,1,0,0
1742,1744,1.5,180,180,1,0,0
1744,1746,1.5,180,180,1,0,0
1746,1748,1.5,180,180,1,0,0
1748,1750,1.5,180,180,1,0,0
1750,1752,1.5,180,180,1,0,0
1752,1754,1.5,180,180,1,0,0
1755,1753,0.04,120,120,1,0,0
1759,1755,0.04,120,120,1,0,0
1757,1758,0.02,30,30,1,0,0
1758,1759,0.02,30,30,1,0,0
1760,1759,0.02,120,120,1,0,0
1761,1760,0.02,120,120,1,0,0
1765,1761,0.04,120,120,1,0,0
1763,1761,0.02,30,30,1,0,0
1764,1763,0.02,30,30,1,0,0
1767,1765,0.04,120,120,1,0,0
1770,1767,0.04,30,30,1,0,0
1768,1767,0.02,30,30,1,0,0
1769,1768,0.02,30,30,1,0,0
1771,1769,0.04,30,30,1,0,0
1772,1769,0.05,30,30,1,0,0
1773,1772,0.45,30,30,1,1,0
1774,1771,0.45,30,30,1,1,0
1775,1770,0.45,120,120,1,0,0
1776,1773,0.05,30,30,1,0,0
1776,1774,0.04,30,30,1,0,0
1777,1776,0.02,30,30,1,0,0
1778,1777,0.02,30,30,1,0,0
1778,1775,0.04,120,120,1,0,0
1791,1778,0.02,120,120,1,0,0
1793,1791,0.02,120,120,1,0,0
1797,1795,0.02,120,120,1,0,0
1795,1793,0.02,120,120,1,0,0
1797,1801,0.02,120,120,1,0,0
1801,1800,0.02,120,120,1,0,0
1800,1794,0.02,120,120,1,0,0
1793,1799,0.02,120,120,1,0,0
1799,1802,0.02,120,120,1,0,0
1802,1798,0.02,120,120,1,0,0
1794,1796,0.02,120,120,1,0,0
1796,1798,0.02,120,120,1,0,0
1803,1797,0.04,120,120,1,0,0
1805,1803,0.04,120,120,1,0,0
1754,1756,0.04,120,120,1,0,0
1756,1757,0.04,120,120,1,0,0
1757,1762,0.04,120,120,1,0,0
1762,1764,0.04,120,120,1,0,0
1764,1766,0.02,120,120,1,0,0
1766,1779,0.02,120,120,1,0,0
1779,1782,0.04,120,120,1,0,0
1779,1780,0.02,30,30,1,0,0
1780,1781,0.02,30,30,1,0,0
1781,1783,0.04,30,30,1,0,0
1781,1784,0.05,30,30,1,0,0
1782,1785,0.45,120,120,1,0,0
1783,1786,0.45,30,30,1,1,0
1784,1787,0.45,30,30,1,1,0
1785,1790,0.04,120,120,1,0,0
1786,1788,0.04,120,120,1,0,0
1788,1789,0.02,30,30,1,0,0
1789,1790,0.02,30,30,1,0,0
1790,1792,0.02,120,120,1,0,0
1792,1794,0.02,120,120,1,0,0
1787,1788,0.05,30,30,1,0,0
1798,1804,0.04,120,120,1,0,0
1804,1806,0.04,120,120,1,0,0
1806,1808,1.5,180,180,1,0,0
1808,1810,1.5,180,180,1,0,0
1810,1812,1.5,180,180,1,0,0
1812,1814,1.5,180,180,1,0,0
1814,1816,1.5,180,180,1,0,0
1816,1818,1.5,180,180,1,0,0
1817,1815,1.5,180,180,1,0,0
1815,1813,1.5,180,180,1,0,0
1813,1811,1.5,180,180,1,0,0
1811,1809,1.5,180,180,1,0,0
1809,1807,1.5,180,180,1,0,0
1807,1805,1.5,180,180,1,0,0
1819,1817,0.04,120,120,1,0,0
1823,1819,0.04,120,120,1,0,0
1821,1822,0.02,30,30,1,0,0
1822,1823,0.02,30,30,1,0,0
1824,1823,0.02,120,120,1,0,0
1826,1824,0.02,120,120,1,0,0
1829,1826,0.04,120,120,1,0,0
1827,1826,0.02,30,30,1,0,0
1828,1827,0.02,30,30,1,0,0
1830,1828,0.04,30,30,1,0,0
1831,1828,0.05,30,30,1,0,0
1839,1831,0.45,30,30,1,1,0
1838,1830,0.45,30,30,1,1,0
1837,1829,0.45,120,120,1,0,0
1840,1839,0.05,30,30,1,0,0
1840,1838,0.04,30,30,1,0,0
1842,1841,0.02,30,30,1,0,0
1841,1840,0.02,30,30,1,0,0
1842,1837,0.04,120,120,1,0,0
1844,1842,0.02,120,120,1,0,0
1846,1844,0.02,120,120,1,0,0
1846,1847,0.02,30,30,1,0,0
1847,1848,0.02,30,30,1,0,0
1849,1846,0.04,120,120,1,0,0
1851,1849,0.04,120,120,1,0,0
1818,1820,0.04,120,120,1,0,0
1820,1821,0.04,120,120,1,0,0
1821,1825,0.04,120,120,1,0,0
1825,1832,0.04,120,120,1,0,0
1832,1833,0.04,120,120,1,0,0
1832,1834,0.05,30,30,1,0,0
1833,1835,0.45,120,120,1,0,0
1834,1836,0.45,30,30,1,1,0
1835,1843,0.04,120,120,1,0,0
1836,1843,0.05,30,30,1,0,0
1843,1845,0.04,120,120,1,0,0
1845,1848,0.04,120,120,1,0,0
1848,1850,0.04,120,120,1,0,0
1850,1852,0.04,120,120,1,0,0
1852,1854,1.5,180,180,1,0,0
1854,1856,1.5,180,180,1,0,0
1856,1858,1.5,180,180,1,0,0
1858,1860,1.5,180,180,1,0,0
1860,1862,1.5,180,180,1,0,0
1862,1864,1.5,180,180,1,0,0
1863,1861,1.5,180,180,1,0,0
1861,1859,1.5,180,180,1,0,0
1859,1857,1.5,180,180,1,0,0
1857,1855,1.5,180,180,1,0,0
1855,1853,1.5,180,180,1,0,0
1853,1851,1.5,180,180,1,0,0
1865,1863,0.04,120,120,1,0,0
1867,1865,0.04,120,120,1,0,0
1871,1869,0.02,120,120,1,0,0
1869,1867,0.02,120,120,1,0,0
1868,1874,0.02,30,30,1,0,0
1874,1875,0.02,30,30,1,0,0
1875,1871,0.02,30,30,1,0,0
1872,1876,0.02,30,30,1,0,0
1876,1873,0.02,30,30,1,0,0
1873,1867,0.02,30,30,1,0,0
1868,1870,0.02,120,120,1,0,0
1870,1872,0.02,120,120,1,0,0
1878,1871,0.04,120,120,1,0,0
1880,1878,0.04,120,120,1,0,0
1883,1880,0.05,30,30,1,0,0
1882,1880,0.04,120,120,1,0,0
1892,1883,0.45,30,30,1,1,0
1891,1882,0.45,30,30,1,0,0
1893,1892,0.05,30,30,1,0,0
1893,1891,0.04,120,120,1,0,0
1897,1893,0.02,120,120,1,0,0
1899,1897,0.02,120,120,1,0,0
1903,1901,0.02,120,120,1,0,0
1901,1899,0.02,120,120,1,0,0
1903,1907,0.02,30,30,1,0,0
1907,1906,0.02,30,30,1,0,0
1906,1900,0.02,30,30,1,0,0
1899,1905,0.02,30,30,1,0,0
1905,1908,0.02,30,30,1,0,0
1908,1904,0.02,30,30,1,0,0
1900,1902,0.02,120,120,1,0,0
1902,1904,0.02,120,120,1,0,0
1909,1903,0.04,120,120,1,0,0
1911,1909,0.04,120,120,1,0,0
1864,1866,0.04,120,120,1,0,0
1866,1868,0.04,120,120,1,0,0
1872,1877,0.02,120,120,1,0,0
1877,1879,0.02,120,120,1,0,0
1879,1881,0.02,120,120,1,0,0
1881,1884,0.02,120,120,1,0,0
1884,1885,0.04,120,120,1,0,0
1884,1886,0.05,30,30,1,0,0
1879,1887,0.08,30,30,1,0,0
1885,1890,0.45,120,120,1,0,0
1886,1889,0.45,30,30,1,1,0
1887,1888,0.45,30,30,1,1,0
1890,1896,0.04,120,120,1,0,0
1889,1894,0.04,30,30,1,0,0
1894,1895,0.02,30,30,1,0,0
1895,1896,0.02,30,30,1,0,0
1888,1894,0.05,30,30,1,0,0
1896,1898,0.02,120,120,1,0,0
1898,1900,0.02,120,120,1,0,0
1904,1910,0.04,120,120,1,0,0
1910,1912,0.04,120,120,1,0,0
1923,1921,1.5,180,180,1,0,0
1921,1919,1.5,180,180,1,0,0
1919,1917,1.5,180,180,1,0,0
1917,1915,1.5,180,180,1,0,0
1915,1913,1.5,180,180,1,0,0
1913,1911,1.5,180,180,1,0,0
1912,1914,1.5,180,180,1,0,0
1914,1916,1.5,180,180,1,0,0
1916,1918,1.5,180,180,1,0,0
1918,1920,1.5,180,180,1,0,0
1920,1922,1.5,180,180,1,0,0
1922,1924,1.5,180,180,1,0,0
1925,1923,0.04,120,120,1,0,0
1927,1925,0.04,120,120,1,0,0
1929,1927,0.05,30,30,1,0,0
1930,1927,0.04,120,120,1,0,0
1940,1929,0.45,30,30,1,1,0
1939,1930,0.45,120,120,1,0,0
1941,1940,0.05,30,30,1,0,0
1941,1939,0.04,30,30,1,0,0
1942,1941,0.04,120,120,1,0,0
1943,1942,0.04,120,120,1,0,0
1924,1926,0.04,120,120,1,0,0
1926,1928,0.04,120,120,1,0,0
1928,1931,0.02,120,120,1,0,0
1931,1932,0.02,120,120,1,0,0
1932,1933,0.05,30,30,1,0,0
1932,1934,0.04,120,120,1,0,0
1928,1935,0.05,30,30,1,0,0
1933,1938,0.45,30,30,1,1,0
1934,1937,0.45,120,120,1,0,0
1935,1936,0.45,30,30,1,1,0
1938,19401,0.05,30,30,1,0,0
1937,19401,0.04,120,120,1,0,0
19401,1944,0.02,120,120,1,0,0
1944,1945,0.02,120,120,1,0,0
1936,1945,0.05,30,30,1,0,0
1945,1946,0.04,120,120,1,0,0
1946,1947,0.04,120,120,1,0,0
1274,1001,0.04,120,120,1,0,0
1001,1002,0.04,120,120,1,0,0
1002,1007,0.02,30,30,1,0,0
1002,1003,0.04,120,120,1,0,0
1003,1004,0.04,120,120,1,0,0
1004,1005,0.02,120,120,1,0,0
1008,1004,0.02,30,30,1,0,0
1005,1006,0.02,120,120,1,0,0
1006,1017,0.05,30,30,1,0,0
1006,1018,0.04,120,120,1,0,0
1017,1022,0.45,30,30,1,1,0
1018,1023,0.45,120,120,1,0,0
1022,1027,0.05,30,30,1,0,0
1023,1027,0.04,120,120,1,0,0
1027,1028,0.02,120,120,1,0,0
1028,1029,0.02,120,120,1,0,0
1029,1030,0.04,120,120,1,0,0
1029,1033,0.02,30,30,1,0,0
1030,1031,0.04,120,120,1,0,0
1031,1034,0.02,30,30,1,0,0
1031,1032,0.04,120,120,1,0,0
1032,1276,0.04,120,120,1,0,0
1276,1043,1.5,180,180,1,0,0
1043,1044,1.5,180,180,1,0,0
1044,1045,1.5,180,180,1,0,0
1045,1046,1.5,180,180,1,0,0
1046,1047,1.5,180,180,1,0,0
1047,1048,1.5,180,180,1,0,0
1048,1278,1.5,180,180,1,0,0
1278,1055,0.04,120,120,1,0,0
1055,1056,0.04,120,120,1,0,0
1056,1061,0.02,30,30,1,0,0
1056,1057,0.04,120,120,1,0,0
1057,1058,0.04,120,120,1,0,0
1058,1059,0.02,120,120,1,0,0
1058,1062,0.02,30,30,1,0,0
1059,1060,0.02,120,120,1,0,0
1060,1069,0.05,30,30,1,0,0
1060,1070,0.04,120,120,1,0,0
1069,1073,0.45,30,30,1,1,0
1070,1074,0.45,120,120,1,0,0
1073,1077,0.05,30,30,1,0,0
1074,1077,0.04,120,120,1,0,0
1077,1078,0.04,120,120,1,0,0
1078,1079,0.04,120,120,1,0,0
1081,1079,0.02,30,30,1,0,0
1079,1080,0.04,120,120,1,0,0
1080,1280,0.04,120,120,1,0,0
1280,1086,1.5,180,180,1,0,0
1086,1087,1.5,180,180,1,0,0
1087,1088,1.5,180,180,1,0,0
1088,1089,1.5,180,180,1,0,0
1089,1090,1.5,180,180,1,0,0
1090,1091,1.5,180,180,1,0,0
1091,1282,1.5,180,180,1,0,0
1282,1098,0.04,120,120,1,0,0
1098,1099,0.04,120,120,1,0,0
1099,1104,0.02,30,30,1,0,0
1099,1100,0.02,120,120,1,0,0
1100,1101,0.02,120,120,1,0,0
1101,1105,0.02,30,30,1,0,0
1101,1102,0.02,120,120,1,0,0
1102,1103,0.02,120,120,1,0,0
1103,1112,0.02,30,30,1,0,0
1103,1116,0.04,120,120,1,0,0
1112,1113,0.02,30,30,1,0,0
1113,1114,0.05,30,30,1,0,0
1113,1115,0.04,30,30,1,0,0
1114,1119,0.45,30,30,1,1,0
1115,1120,0.45,30,30,1,1,0
1116,1121,0.45,120,120,1,0,0
1119,1124,0.05,30,30,1,0,0
1120,1124,0.04,30,30,1,0,0
1124,1125,0.02,30,30,1,0,0
1125,1126,0.02,30,30,1,0,0
1121,1126,0.04,120,120,1,0,0
1126,1127,0.02,120,120,1,0,0
1127,1128,0.02,120,120,1,0,0
1128,1129,0.04,120,120,1,0,0
1128,1132,0.02,30,30,1,0,0
1129,1130,0.04,120,120,1,0,0
1130,1131,0.04,120,120,1,0,0
1130,1133,0.02,30,30,1,0,0
1131,1284,0.04,120,120,1,0,0
1284,1140,1.5,180,180,1,0,0
1140,1141,1.5,180,180,1,0,0
1141,1142,1.5,180,180,1,0,0
1142,1143,1.5,180,180,1,0,0
1143,1144,1.5,180,180,1,0,0
1144,1145,1.5,180,180,1,0,0
1145,1146,1.5,180,180,1,0,0
1146,1286,1.5,180,180,1,0,0
1286,1154,0.04,120,120,1,0,0
1154,1155,0.04,120,120,1,0,0
1155,1160,0.02,30,30,1,0,0
1155,1156,0.04,120,120,1,0,0
1156,1157,0.04,120,120,1,0,0
1157,1158,0.02,120,120,1,0,0
1157,1161,0.02,30,30,1,0,0
1158,1159,0.02,120,120,1,0,0
1159,1168,0.05,30,30,1,0,0
1159,1169,0.04,120,120,1,0,0
1168,1172,0.45,30,30,1,1,0
1169,1173,0.45,120,120,1,0,0
1172,1176,0.05,30,30,1,0,0
1173,1176,0.04,120,120,1,0,0
1176,1177,0.04,120,120,1,0,0
1177,1178,0.04,120,120,1,0,0
1178,1179,0.02,120,120,1,0,0
1178,1182,0.02,30,30,1,0,0
1179,1180,0.02,120,120,1,0,0
1180,1183,0.02,30,30,1,0,0
1180,1181,0.04,120,120,1,0,0
1181,1288,0.04,120,120,1,0,0
1288,1190,1.5,180,180,1,0,0
1190,1191,1.5,180,180,1,0,0
1191,1192,1.5,180,180,1,0,0
1192,1193,1.5,180,180,1,0,0
1193,1194,1.5,180,180,1,0,0
1194,1195,1.5,180,180,1,0,0
1195,1290,1.5,180,180,1,0,0
1290,1202,0.04,120,120,1,0,0
1202,1203,0.04,120,120,1,0,0
1203,1208,0.02,30,30,1,0,0
1203,1204,0.08,120,120,1,0,0
1208,1209,0.02,30,30,1,0,0
1209,1211,0.02,30,30,1,0,0
1209,1210,0.04,30,30,1,0,0
1204,1205,0.45,120,120,1,0,0
1210,1212,0.45,30,30,1,1,0
1205,1206,0.08,120,120,1,0,0
1213,1206,0.02,30,30,1,0,0
1206,1207,0.04,120,120,1,0,0
1212,1214,0.04,30,30,1,0,0
1214,1213,0.02,30,30,1,0,0
1215,1214,0.02,30,30,1,0,0
1207,1292,0.04,120,120,1,0,0
1292,1228,1.5,180,180,1,0,0
1228,1229,1.5,180,180,1,0,0
1229,1230,1.5,180,180,1,0,0
1230,1231,1.5,180,180,1,0,0
1231,1232,1.5,180,180,1,0,0
1232,1294,1.5,180,180,1,0,0
1294,1238,0.04,120,120,1,0,0
1238,1239,0.04,120,120,1,0,0
1239,1244,0.02,30,30,1,0,0
1239,1240,0.04,120,120,1,0,0
1240,1241,0.04,120,120,1,0,0
1241,1245,0.02,30,30,1,0,0
1241,1242,0.02,120,120,1,0,0
1242,1243,0.02,120,120,1,0,0
1243,1252,0.05,30,30,1,0,0
1243,1253,0.04,120,120,1,0,0
1252,1256,0.45,30,30,1,1,0
1253,1257,0.45,120,120,1,0,0
1256,1260,0.05,30,30,1,0,0
1257,1260,0.04,120,120,1,0,0
1260,1261,0.02,120,120,1,0,0
1261,1262,0.02,120,120,1,0,0
1262,1266,0.02,30,30,1,0,0
1262,1263,0.04,120,120,1,0,0
1263,1264,0.04,120,120,1,0,0
1264,1267,0.02,30,30,1,0,0
1264,1265,0.04,120,120,1,0,0
1265,1296,0.04,120,120,1,0,0
1297,1273,0.04,120,120,1,0,0
1273,1272,0.04,120,120,1,0,0
1267,1272,0.02,30,30,1,0,0
1272,1271,0.02,120,120,1,0,0
1270,1266,0.02,30,30,1,0,0
1270,1269,0.04,120,120,1,0,0
1271,1270,0.02,120,120,1,0,0
1268,1258,0.04,120,120,1,0,0
1268,1259,0.05,30,30,1,0,0
1269,1268,0.04,120,120,1,0,0
1258,1254,0.45,120,120,1,0,0
1259,1255,0.45,30,30,1,1,0
1251,1250,0.04,120,120,1,0,0
1254,1251,0.04,120,120,1,0,0
1255,1251,0.05,30,30,1,0,0
1250,1249,0.04,120,120,1,0,0
1249,1248,0.02,120,120,1,0,0
1245,1249,0.02,30,30,1,0,0
1248,1247,0.02,120,120,1,0,0
1247,1244,0.02,30,30,1,0,0
1247,1246,0.04,120,120,1,0,0
1246,1295,0.04,120,120,1,0,0
1295,1237,1.5,180,180,1,0,0
1237,1236,1.5,180,180,1,0,0
1236,1235,1.5,180,180,1,0,0
1235,1234,1.5,180,180,1,0,0
1234,1233,1.5,180,180,1,0,0
1233,1293,1.5,180,180,1,0,0
1293,1227,0.04,120,120,1,0,0
1227,1226,0.04,120,120,1,0,0
1226,1225,0.02,120,120,1,0,0
1226,1223,0.12,30,30,1,0,0
1224,1215,0.02,30,30,1,0,0
1225,1224,0.02,120,120,1,0,0
1224,1222,0.08,120,120,1,0,0
1222,1220,0.45,120,120,1,0,0
1223,1221,0.45,30,30,1,1,0
1219,1218,0.02,120,120,1,0,0
1211,1219,0.02,30,30,1,0,0
1220,1219,0.08,120,120,1,0,0
1217,1216,0.04,120,120,1,0,0
1218,1217,0.02,120,120,1,0,0
1221,1217,0.12,30,30,1,0,0
1216,1291,0.04,120,120,1,0,0
1291,1201,1.5,180,180,1,0,0
1201,1200,1.5,180,180,1,0,0
1200,1199,1.5,180,180,1,0,0
1199,1198,1.5,180,180,1,0,0
1198,1197,1.5,180,180,1,0,0
1197,1196,1.5,180,180,1,0,0
1196,1289,1.5,180,180,1,0,0
1289,1189,0.04,120,120,1,0,0
1188,1183,0.02,30,30,1,0,0
1188,1187,0.04,120,120,1,0,0
1189,1188,0.04,120,120,1,0,0
1186,1185,0.02,120,120,1,0,0
1187,1186,0.04,120,120,1,0,0
1182,1186,0.02,30,30,1,0,0
1185,1184,0.02,120,120,1,0,0
1184,1174,0.04,120,120,1,0,0
1184,1175,0.05,30,30,1,0,0
1174,1170,0.45,120,120,1,0,0
1175,1171,0.45,30,30,1,1,0
1170,1167,0.04,120,120,1,0,0
1171,1167,0.05,30,30,1,0,0
1167,1166,0.04,120,120,1,0,0
1166,1165,0.04,120,120,1,0,0
1165,1164,0.02,120,120,1,0,0
1161,1165,0.02,30,30,1,0,0
1164,1163,0.02,120,120,1,0,0
1163,1160,0.02,30,30,1,0,0
1163,1162,0.04,120,120,1,0,0
1162,1287,0.04,120,120,1,0,0
1287,1153,1.5,180,180,1,0,0
1153,1152,1.5,180,180,1,0,0
1152,1151,1.5,180,180,1,0,0
1151,1150,1.5,180,180,1,0,0
1150,1149,1.5,180,180,1,0,0
1149,1148,1.5,180,180,1,0,0
1148,1147,1.5,180,180,1,0,0
1147,1285,1.5,180,180,1,0,0
1285,1139,0.04,120,120,1,0,0
1138,1137,0.02,120,120,1,0,0
1139,1138,0.04,120,120,1,0,0
1133,1138,0.02,30,30,1,0,0
1137,1136,0.02,120,120,1,0,0
1136,1135,0.04,120,120,1,0,0
1136,1132,0.02,30,30,1,0,0
1135,1134,0.04,120,120,1,0,0
1134,1122,0.04,120,120,1,0,0
1134,1123,0.05,30,30,1,0,0
1122,1117,0.45,120,120,1,0,0
1123,1118,0.45,30,30,1,1,0
1117,1111,0.04,120,120,1,0,0
1118,1111,0.05,30,30,1,0,0
1111,1110,0.04,120,120,1,0,0
1110,1109,0.04,120,120,1,0,0
1109,1105,0.02,30,30,1,0,0
1109,1108,0.04,120,120,1,0,0
1107,1106,0.04,120,120,1,0,0
1104,1107,0.02,30,30,1,0,0
1108,1107,0.04,120,120,1,0,0
1106,1283,0.04,120,120,1,0,0
1283,1097,1.5,180,180,1,0,0
1097,1096,1.5,180,180,1,0,0
1096,1095,1.5,180,180,1,0,0
1095,1094,1.5,180,180,1,0,0
1094,1093,1.5,180,180,1,0,0
1093,1092,1.5,180,180,1,0,0
1092,1281,1.5,180,180,1,0,0
1281,1085,0.04,120,120,1,0,0
1085,1084,0.04,120,120,1,0,0
1084,1081,0.02,30,30,1,0,0
1084,1083,0.04,120,120,1,0,0
1083,1082,0.04,120,120,1,0,0
1082,1075,0.04,120,120,1,0,0
1082,1076,0.05,30,30,1,0,0
1075,1071,0.45,120,120,1,0,0
1076,1072,0.45,30,30,1,1,0
1071,1068,0.04,120,120,1,0,0
1072,1068,0.05,30,30,1,0,0
1068,1067,0.04,120,120,1,0,0
1066,1065,0.02,120,120,1,0,0
1067,1066,0.04,120,120,1,0,0
1062,1066,0.02,30,30,1,0,0
1065,1064,0.02,120,120,1,0,0
1064,1061,0.02,30,30,1,0,0
1064,1063,0.04,120,120,1,0,0
1063,1279,0.04,120,120,1,0,0
1279,1054,1.5,180,180,1,0,0
1054,1053,1.5,180,180,1,0,0
1053,1052,1.5,180,180,1,0,0
1052,1051,1.5,180,180,1,0,0
1051,1050,1.5,180,180,1,0,0
1050,1049,1.5,180,180,1,0,0
1049,1277,1.5,180,180,1,0,0
1277,1042,0.04,120,120,1,0,0
1042,1041,0.04,120,120,1,0,0
1041,1040,0.02,120,120,1,0,0
1041,1034,0.02,30,30,1,0,0
1040,1039,0.02,120,120,1,0,0
1039,1033,0.02,30,30,1,0,0
1039,1038,0.02,120,120,1,0,0
1038,1035,0.02,120,120,1,0,0
1035,1036,0.02,30,30,1,0,0
1035,1024,0.04,120,120,1,0,0
1036,1037,0.02,30,30,1,0,0
1037,1025,0.04,30,30,1,0,0
1037,1026,0.05,30,30,1,0,0
1024,1019,0.45,120,120,1,0,0
1025,1020,0.45,30,30,1,1,0
1026,1021,0.45,30,30,1,1,0
1014,1013,0.02,120,120,1,0,0
1015,1014,0.02,30,30,1,0,0
1019,1014,0.04,120,120,1,0,0
1016,1015,0.02,30,30,1,0,0
1020,1016,0.04,30,30,1,0,0
1021,1016,0.05,30,30,1,0,0
1013,1012,0.02,120,120,1,0,0
1008,1012,0.02,30,30,1,0,0
1012,1011,0.02,120,120,1,0,0
1011,1010,0.02,120,120,1,0,0
1010,1007,0.02,30,30,1,0,0
1010,1009,0.04,120,120,1,0,0
1009,1275,0.04,120,120,1,0,0
